Date,Time,Local Network Name,Node ID,Sample Count,Success %,Min Temp (C),Max Temp (C),Avg Temp (C),Std Dev (C)
2026-10-04,12:39:08,HZ-SERVER.local,NODE_00,60,100.0,28.31,28.44,28.3740,0.0141
2026-10-04,12:39:08,HZ-NODE-01.local,NODE_01,29,48.3,28.38,28.50,28.4397,0.0312
2026-10-04,12:39:08,HZ-NODE-02.local,NODE_02,29,48.3,28.38,28.44,28.3793,0.0161
2026-10-04,12:39:08,HZ-NODE-03.local,NODE_03,30,50.0,28.44,28.50,28.4750,0.0311
2026-10-04,12:39:08,HZ-NODE-04.local,NODE_04,0,0.0,--.--,--.--,--.----,--.----
2026-10-04,12:39:08,HZ-NODE-05.local,NODE_05,0,0.0,--.--,--.--,--.----,--.----
2026-10-04,12:39:08,HZ-NODE-06.local,NODE_06,0,0.0,--.--,--.--,--.----,--.----
2026-10-04,12:39:08,HZ-NODE-07.local,NODE_07,0,0.0,--.--,--.--,--.----,--.----
2026-10-04,12:39:08,HZ-NODE-08.local,NODE_08,0,0.0,--.--,--.--,--.----,--.----
2026-10-04,12:39:08,HZ-NODE-09.local,NODE_09,0,0.0,--.--,--.--,--.----,--.----
2026-10-04,12:39:08,HZ-NODE-10.local,NODE_10,0,0.0,--.--,--.--,--.----,--.----
2026-10-04,12:39:08,HZ-NODE-11.local,NODE_11,0,0.0,--.--,--.--,--.----,--.----
2026-10-04,12:39:08,HZ-NODE-12.local,NODE_12,0,0.0,--.--,--.--,--.----,--.----
2026-10-04,12:39:08,HZ-NODE-13.local,NODE_13,0,0.0,--.--,--.--,--.----,--.----
2026-10-04,12:39:08,HZ-NODE-14.local,NODE_14,0,0.0,--.--,--.--,--.----,--.----
2026-10-04,12:39:08,HZ-NODE-15.local,NODE_15,0,0.0,--.--,--.--,--.----,--.----
2026-10-04,12:40:09,HZ-SERVER.local,NODE_00,60,100.0,28.31,28.44,28.3687,0.0275
2026-10-04,12:40:09,HZ-NODE-01.local,NODE_01,30,50.0,28.38,28.50,28.4354,0.0259
2026-10-04,12:40:09,HZ-NODE-02.local,NODE_02,30,50.0,28.31,28.44,28.3750,0.0232
2026-10-04,12:40:09,HZ-NODE-03.local,NODE_03,29,48.3,28.38,28.50,28.4634,0.0355
2026-10-04,12:40:09,HZ-NODE-04.local,NODE_04,0,0.0,--.--,--.--,--.----,--.----
2026-10-04,12:40:09,HZ-NODE-05.local,NODE_05,0,0.0,--.--,--.--,--.----,--.----
2026-10-04,12:40:09,HZ-NODE-06.local,NODE_06,0,0.0,--.--,--.--,--.----,--.----
2026-10-04,12:40:09,HZ-NODE-07.local,NODE_07,0,0.0,--.--,--.--,--.----,--.----
2026-10-04,12:40:09,HZ-NODE-08.local,NODE_08,0,0.0,--.--,--.--,--.----,--.----
2026-10-04,12:40:09,HZ-NODE-09.local,NODE_09,0,0.0,--.--,--.--,--.----,--.----
2026-10-04,12:40:09,HZ-NODE-10.local,NODE_10,0,0.0,--.--,--.--,--.----,--.----
2026-10-04,12:40:09,HZ-NODE-11.local,NODE_11,0,0.0,--.--,--.--,--.----,--.----
2026-10-04,12:40:09,HZ-NODE-12.local,NODE_12,0,0.0,--.--,--.--,--.----,--.----
2026-10-04,12:40:09,HZ-NODE-13.local,NODE_13,0,0.0,--.--,--.--,--.----,--.----
2026-10-04,12:40:09,HZ-NODE-14.local,NODE_14,0,0.0,--.--,--.--,--.----,--.----
2026-10-04,12:40:09,HZ-NODE-15.local,NODE_15,0,0.0,--.--,--.--,--.----,--.----
2026-10-04,12:41:09,HZ-SERVER.local,NODE_00,60,100.0,28.31,28.44,28.3833,0.0269
2026-10-04,12:41:09,HZ-NODE-01.local,NODE_01,30,50.0,28.38,28.50,28.4500,0.0303
2026-10-04,12:41:09,HZ-NODE-02.local,NODE_02,29,48.3,28.31,28.44,28.3944,0.0338
2026-10-04,12:41:09,HZ-NODE-03.local,NODE_03,30,50.0,28.44,28.56,28.4958,0.0281
2026-10-04,12:41:09,HZ-NODE-04.local,NODE_04,0,0.0,--.--,--.--,--.----,--.----
2026-10-04,12:41:09,HZ-NODE-05.local,NODE_05,0,0.0,--.--,--.--,--.----,--.----
2026-10-04,12:41:09,HZ-NODE-06.local,NODE_06,0,0.0,--.--,--.--,--.----,--.----
2026-10-04,12:41:09,HZ-NODE-07.local,NODE_07,0,0.0,--.--,--.--,--.----,--.----
2026-10-04,12:41:09,HZ-NODE-08.local,NODE_08,0,0.0,--.--,--.--,--.----,--.----
2026-10-04,12:41:09,HZ-NODE-09.local,NODE_09,0,0.0,--.--,--.--,--.----,--.----
2026-10-04,12:41:09,HZ-NODE-10.local,NODE_10,0,0.0,--.--,--.--,--.----,--.----
2026-10-04,12:41:09,HZ-NODE-11.local,NODE_11,0,0.0,--.--,--.--,--.----,--.----
2026-10-04,12:41:09,HZ-NODE-12.local,NODE_12,0,0.0,--.--,--.--,--.----,--.----
2026-10-04,12:41:09,HZ-NODE-13.local,NODE_13,0,0.0,--.--,--.--,--.----,--.----
2026-10-04,12:41:09,HZ-NODE-14.local,NODE_14,0,0.0,--.--,--.--,--.----,--.----
2026-10-04,12:41:09,HZ-NODE-15.local,NODE_15,0,0.0,--.--,--.--,--.----,--.----
2026-10-04,12:42:09,HZ-SERVER.local,NODE_00,60,100.0,28.31,28.44,28.3750,0.0230
2026-10-04,12:42:09,HZ-NODE-01.local,NODE_01,28,46.7,28.38,28.50,28.4487,0.0297
2026-10-04,12:42:09,HZ-NODE-02.local,NODE_02,30,50.0,28.31,28.44,28.3896,0.0315
2026-10-04,12:42:09,HZ-NODE-03.local,NODE_03,29,48.3,28.44,28.50,28.4806,0.0294
2026-10-04,12:42:09,HZ-NODE-04.local,NODE_04,0,0.0,--.--,--.--,--.----,--.----
2026-10-04,12:42:09,HZ-NODE-05.local,NODE_05,0,0.0,--.--,--.--,--.----,--.----
2026-10-04,12:42:09,HZ-NODE-06.local,NODE_06,0,0.0,--.--,--.--,--.----,--.----
2026-10-04,12:42:09,HZ-NODE-07.local,NODE_07,0,0.0,--.--,--.--,--.----,--.----
2026-10-04,12:42:09,HZ-NODE-08.local,NODE_08,0,0.0,--.--,--.--,--.----,--.----
2026-10-04,12:42:09,HZ-NODE-09.local,NODE_09,0,0.0,--.--,--.--,--.----,--.----
2026-10-04,12:42:09,HZ-NODE-10.local,NODE_10,0,0.0,--.--,--.--,--.----,--.----
2026-10-04,12:42:09,HZ-NODE-11.local,NODE_11,0,0.0,--.--,--.--,--.----,--.----
2026-10-04,12:42:09,HZ-NODE-12.local,NODE_12,0,0.0,--.--,--.--,--.----,--.----
2026-10-04,12:42:09,HZ-NODE-13.local,NODE_13,0,0.0,--.--,--.--,--.----,--.----
2026-10-04,12:42:09,HZ-NODE-14.local,NODE_14,0,0.0,--.--,--.--,--.----,--.----
2026-10-04,12:42:09,HZ-NODE-15.local,NODE_15,0,0.0,--.--,--.--,--.----,--.----
2026-10-04,12:43:09,HZ-SERVER.local,NODE_00,60,100.0,28.31,28.44,28.3875,0.0277
2026-10-04,12:43:09,HZ-NODE-01.local,NODE_01,30,50.0,28.38,28.50,28.4542,0.0326
2026-10-04,12:43:09,HZ-NODE-02.local,NODE_02,29,48.3,28.38,28.44,28.3858,0.0240
2026-10-04,12:43:09,HZ-NODE-03.local,NODE_03,30,50.0,28.44,28.56,28.5000,0.0164
2026-10-04,12:43:09,HZ-NODE-04.local,NODE_04,0,0.0,--.--,--.--,--.----,--.----
2026-10-04,12:43:09,HZ-NODE-05.local,NODE_05,0,0.0,--.--,--.--,--.----,--.----
2026-10-04,12:43:09,HZ-NODE-06.local,NODE_06,0,0.0,--.--,--.--,--.----,--.----
2026-10-04,12:43:09,HZ-NODE-07.local,NODE_07,0,0.0,--.--,--.--,--.----,--.----
2026-10-04,12:43:09,HZ-NODE-08.local,NODE_08,0,0.0,--.--,--.--,--.----,--.----
2026-10-04,12:43:09,HZ-NODE-09.local,NODE_09,0,0.0,--.--,--.--,--.----,--.----
2026-10-04,12:43:09,HZ-NODE-10.local,NODE_10,0,0.0,--.--,--.--,--.----,--.----
2026-10-04,12:43:09,HZ-NODE-11.local,NODE_11,0,0.0,--.--,--.--,--.----,--.----
2026-10-04,12:43:09,HZ-NODE-12.local,NODE_12,0,0.0,--.--,--.--,--.----,--.----
2026-10-04,12:43:09,HZ-NODE-13.local,NODE_13,0,0.0,--.--,--.--,--.----,--.----
2026-10-04,12:43:09,HZ-NODE-14.local,NODE_14,0,0.0,--.--,--.--,--.----,--.----
2026-10-04,12:43:09,HZ-NODE-15.local,NODE_15,0,0.0,--.--,--.--,--.----,--.----
2026-10-04,12:44:09,HZ-SERVER.local,NODE_00,60,100.0,28.38,28.44,28.4073,0.0315
2026-10-04,12:44:09,HZ-NODE-01.local,NODE_01,29,48.3,28.44,28.56,28.4828,0.0330
2026-10-04,12:44:09,HZ-NODE-02.local,NODE_02,30,50.0,28.38,28.44,28.4167,0.0300
2026-10-04,12:44:09,HZ-NODE-03.local,NODE_03,29,48.3,28.50,28.56,28.5237,0.0309
2026-10-04,12:44:09,HZ-NODE-04.local,NODE_04,0,0.0,--.--,--.--,--.----,--.----
2026-10-04,12:44:09,HZ-NODE-05.local,NODE_05,0,0.0,--.--,--.--,--.----,--.----
2026-10-04,12:44:09,HZ-NODE-06.local,NODE_06,0,0.0,--.--,--.--,--.----,--.----
2026-10-04,12:44:09,HZ-NODE-07.local,NODE_07,0,0.0,--.--,--.--,--.----,--.----
2026-10-04,12:44:09,HZ-NODE-08.local,NODE_08,0,0.0,--.--,--.--,--.----,--.----
2026-10-04,12:44:09,HZ-NODE-09.local,NODE_09,0,0.0,--.--,--.--,--.----,--.----
2026-10-04,12:44:09,HZ-NODE-10.local,NODE_10,0,0.0,--.--,--.--,--.----,--.----
2026-10-04,12:44:09,HZ-NODE-11.local,NODE_11,0,0.0,--.--,--.--,--.----,--.----
2026-10-04,12:44:09,HZ-NODE-12.local,NODE_12,0,0.0,--.--,--.--,--.----,--.----
2026-10-04,12:44:09,HZ-NODE-13.local,NODE_13,0,0.0,--.--,--.--,--.----,--.----
2026-10-04,12:44:09,HZ-NODE-14.local,NODE_14,0,0.0,--.--,--.--,--.----,--.----
2026-10-04,12:44:09,HZ-NODE-15.local,NODE_15,0,0.0,--.--,--.--,--.----,--.----
2026-10-04,12:45:09,HZ-SERVER.local,NODE_00,60,100.0,28.38,28.50,28.4271,0.0262
2026-10-04,12:45:09,HZ-NODE-01.local,NODE_01,30,50.0,28.44,28.56,28.5063,0.0414
2026-10-04,12:45:09,HZ-NODE-02.local,NODE_02,29,48.3,28.38,28.50,28.4569,0.0338
2026-10-04,12:45:09,HZ-NODE-03.local,NODE_03,30,50.0,28.50,28.62,28.5667,0.0228
2026-10-04,12:45:09,HZ-NODE-04.local,NODE_04,0,0.0,--.--,--.--,--.----,--.----
2026-10-04,12:45:09,HZ-NODE-05.local,NODE_05,0,0.0,--.--,--.--,--.----,--.----
2026-10-04,12:45:09,HZ-NODE-06.local,NODE_06,0,0.0,--.--,--.--,--.----,--.----
2026-10-04,12:45:09,HZ-NODE-07.local,NODE_07,0,0.0,--.--,--.--,--.----,--.----
2026-10-04,12:45:09,HZ-NODE-08.local,NODE_08,0,0.0,--.--,--.--,--.----,--.----
2026-10-04,12:45:09,HZ-NODE-09.local,NODE_09,0,0.0,--.--,--.--,--.----,--.----
2026-10-04,12:45:09,HZ-NODE-10.local,NODE_10,0,0.0,--.--,--.--,--.----,--.----
2026-10-04,12:45:09,HZ-NODE-11.local,NODE_11,0,0.0,--.--,--.--,--.----,--.----
2026-10-04,12:45:09,HZ-NODE-12.local,NODE_12,0,0.0,--.--,--.--,--.----,--.----
2026-10-04,12:45:09,HZ-NODE-13.local,NODE_13,0,0.0,--.--,--.--,--.----,--.----
2026-10-04,12:45:09,HZ-NODE-14.local,NODE_14,0,0.0,--.--,--.--,--.----,--.----
2026-10-04,12:45:09,HZ-NODE-15.local,NODE_15,0,0.0,--.--,--.--,--.----,--.----
2026-10-04,12:46:09,HZ-SERVER.local,NODE_00,60,100.0,28.38,28.50,28.4594,0.0322
2026-10-04,12:46:09,HZ-NODE-01.local,NODE_01,29,48.3,28.50,28.56,28.5323,0.0318
2026-10-04,12:46:09,HZ-NODE-02.local,NODE_02,30,50.0,28.44,28.50,28.4792,0.0300
2026-10-04,12:46:09,HZ-NODE-03.local,NODE_03,29,48.3,28.50,28.62,28.5862,0.0351
2026-10-04,12:46:09,HZ-NODE-04.local,NODE_04,0,0.0,--.--,--.--,--.----,--.----
2026-10-04,12:46:09,HZ-NODE-05.local,NODE_05,0,0.0,--.--,--.--,--.----,--.----
2026-10-04,12:46:09,HZ-NODE-06.local,NODE_06,0,0.0,--.--,--.--,--.----,--.----
2026-10-04,12:46:09,HZ-NODE-07.local,NODE_07,0,0.0,--.--,--.--,--.----,--.----
2026-10-04,12:46:09,HZ-NODE-08.local,NODE_08,0,0.0,--.--,--.--,--.----,--.----
2026-10-04,12:46:09,HZ-NODE-09.local,NODE_09,0,0.0,--.--,--.--,--.----,--.----
2026-10-04,12:46:09,HZ-NODE-10.local,NODE_10,0,0.0,--.--,--.--,--.----,--.----
2026-10-04,12:46:09,HZ-NODE-11.local,NODE_11,0,0.0,--.--,--.--,--.----,--.----
2026-10-04,12:46:09,HZ-NODE-12.local,NODE_12,0,0.0,--.--,--.--,--.----,--.----
2026-10-04,12:46:09,HZ-NODE-13.local,NODE_13,0,0.0,--.--,--.--,--.----,--.----
2026-10-04,12:46:09,HZ-NODE-14.local,NODE_14,0,0.0,--.--,--.--,--.----,--.----
2026-10-04,12:46:09,HZ-NODE-15.local,NODE_15,0,0.0,--.--,--.--,--.----,--.----
2026-10-04,12:47:09,HZ-SERVER.local,NODE_00,60,100.0,28.38,28.50,28.4375,0.0257
2026-10-04,12:47:09,HZ-NODE-01.local,NODE_01,30,50.0,28.50,28.56,28.5250,0.0311
2026-10-04,12:47:09,HZ-NODE-02.local,NODE_02,30,50.0,28.44,28.50,28.4583,0.0300
2026-10-04,12:47:09,HZ-NODE-03.local,NODE_03,30,50.0,28.50,28.62,28.5729,0.0332
2026-10-04,12:47:09,HZ-NODE-04.local,NODE_04,0,0.0,--.--,--.--,--.----,--.----
2026-10-04,12:47:09,HZ-NODE-05.local,NODE_05,0,0.0,--.--,--.--,--.----,--.----
2026-10-04,12:47:09,HZ-NODE-06.local,NODE_06,0,0.0,--.--,--.--,--.----,--.----
2026-10-04,12:47:09,HZ-NODE-07.local,NODE_07,0,0.0,--.--,--.--,--.----,--.----
2026-10-04,12:47:09,HZ-NODE-08.local,NODE_08,0,0.0,--.--,--.--,--.----,--.----
2026-10-04,12:47:09,HZ-NODE-09.local,NODE_09,0,0.0,--.--,--.--,--.----,--.----
2026-10-04,12:47:09,HZ-NODE-10.local,NODE_10,0,0.0,--.--,--.--,--.----,--.----
2026-10-04,12:47:09,HZ-NODE-11.local,NODE_11,0,0.0,--.--,--.--,--.----,--.----
2026-10-04,12:47:09,HZ-NODE-12.local,NODE_12,0,0.0,--.--,--.--,--.----,--.----
2026-10-04,12:47:09,HZ-NODE-13.local,NODE_13,0,0.0,--.--,--.--,--.----,--.----
2026-10-04,12:47:09,HZ-NODE-14.local,NODE_14,0,0.0,--.--,--.--,--.----,--.----
2026-10-04,12:47:09,HZ-NODE-15.local,NODE_15,0,0.0,--.--,--.--,--.----,--.----
2026-10-04,12:48:09,HZ-SERVER.local,NODE_00,60,100.0,28.44,28.50,28.4656,0.0314
2026-10-04,12:48:09,HZ-NODE-01.local,NODE_01,29,48.3,28.50,28.62,28.5539,0.0363
2026-10-04,12:48:09,HZ-NODE-02.local,NODE_02,29,48.3,28.44,28.56,28.4871,0.0307
2026-10-04,12:48:09,HZ-NODE-03.local,NODE_03,29,48.3,28.56,28.69,28.6272,0.0354
2026-10-04,12:48:09,HZ-NODE-04.local,NODE_04,0,0.0,--.--,--.--,--.----,--.----
2026-10-04,12:48:09,HZ-NODE-05.local,NODE_05,0,0.0,--.--,--.--,--.----,--.----
2026-10-04,12:48:09,HZ-NODE-06.local,NODE_06,0,0.0,--.--,--.--,--.----,--.----
2026-10-04,12:48:09,HZ-NODE-07.local,NODE_07,0,0.0,--.--,--.--,--.----,--.----
2026-10-04,12:48:09,HZ-NODE-08.local,NODE_08,0,0.0,--.--,--.--,--.----,--.----
2026-10-04,12:48:09,HZ-NODE-09.local,NODE_09,0,0.0,--.--,--.--,--.----,--.----
2026-10-04,12:48:09,HZ-NODE-10.local,NODE_10,0,0.0,--.--,--.--,--.----,--.----
2026-10-04,12:48:09,HZ-NODE-11.local,NODE_11,0,0.0,--.--,--.--,--.----,--.----
2026-10-04,12:48:09,HZ-NODE-12.local,NODE_12,0,0.0,--.--,--.--,--.----,--.----
2026-10-04,12:48:09,HZ-NODE-13.local,NODE_13,0,0.0,--.--,--.--,--.----,--.----
2026-10-04,12:48:09,HZ-NODE-14.local,NODE_14,0,0.0,--.--,--.--,--.----,--.----
2026-10-04,12:48:09,HZ-NODE-15.local,NODE_15,0,0.0,--.--,--.--,--.----,--.----
2026-10-04,12:49:09,HZ-SERVER.local,NODE_00,60,100.0,28.44,28.50,28.4781,0.0301
2026-10-04,12:49:09,HZ-NODE-01.local,NODE_01,30,50.0,28.50,28.62,28.5625,0.0328
2026-10-04,12:49:09,HZ-NODE-02.local,NODE_02,30,50.0,28.44,28.56,28.5021,0.0200
2026-10-04,12:49:09,HZ-NODE-03.local,NODE_03,30,50.0,28.56,28.62,28.6187,0.0191
2026-10-04,12:49:09,HZ-NODE-04.local,NODE_04,0,0.0,--.--,--.--,--.----,--.----
2026-10-04,12:49:09,HZ-NODE-05.local,NODE_05,0,0.0,--.--,--.--,--.----,--.----
2026-10-04,12:49:09,HZ-NODE-06.local,NODE_06,0,0.0,--.--,--.--,--.----,--.----
2026-10-04,12:49:09,HZ-NODE-07.local,NODE_07,0,0.0,--.--,--.--,--.----,--.----
2026-10-04,12:49:09,HZ-NODE-08.local,NODE_08,0,0.0,--.--,--.--,--.----,--.----
2026-10-04,12:49:09,HZ-NODE-09.local,NODE_09,0,0.0,--.--,--.--,--.----,--.----
2026-10-04,12:49:09,HZ-NODE-10.local,NODE_10,0,0.0,--.--,--.--,--.----,--.----
2026-10-04,12:49:09,HZ-NODE-11.local,NODE_11,0,0.0,--.--,--.--,--.----,--.----
2026-10-04,12:49:09,HZ-NODE-12.local,NODE_12,0,0.0,--.--,--.--,--.----,--.----
2026-10-04,12:49:09,HZ-NODE-13.local,NODE_13,0,0.0,--.--,--.--,--.----,--.----
2026-10-04,12:49:09,HZ-NODE-14.local,NODE_14,0,0.0,--.--,--.--,--.----,--.----
2026-10-04,12:49:09,HZ-NODE-15.local,NODE_15,0,0.0,--.--,--.--,--.----,--.----
2026-10-04,12:50:09,HZ-SERVER.local,NODE_00,60,100.0,28.44,28.50,28.4740,0.0311
2026-10-04,12:50:09,HZ-NODE-01.local,NODE_01,29,48.3,28.50,28.62,28.5625,0.0236
2026-10-04,12:50:09,HZ-NODE-02.local,NODE_02,29,48.3,28.44,28.56,28.4957,0.0286
2026-10-04,12:50:09,HZ-NODE-03.local,NODE_03,30,50.0,28.56,28.62,28.6000,0.0311
2026-10-04,12:50:09,HZ-NODE-04.local,NODE_04,0,0.0,--.--,--.--,--.----,--.----
2026-10-04,12:50:09,HZ-NODE-05.local,NODE_05,0,0.0,--.--,--.--,--.----,--.----
2026-10-04,12:50:09,HZ-NODE-06.local,NODE_06,0,0.0,--.--,--.--,--.----,--.----
2026-10-04,12:50:09,HZ-NODE-07.local,NODE_07,0,0.0,--.--,--.--,--.----,--.----
2026-10-04,12:50:09,HZ-NODE-08.local,NODE_08,0,0.0,--.--,--.--,--.----,--.----
2026-10-04,12:50:09,HZ-NODE-09.local,NODE_09,0,0.0,--.--,--.--,--.----,--.----
2026-10-04,12:50:09,HZ-NODE-10.local,NODE_10,0,0.0,--.--,--.--,--.----,--.----
2026-10-04,12:50:09,HZ-NODE-11.local,NODE_11,0,0.0,--.--,--.--,--.----,--.----
2026-10-04,12:50:09,HZ-NODE-12.local,NODE_12,0,0.0,--.--,--.--,--.----,--.----
2026-10-04,12:50:09,HZ-NODE-13.local,NODE_13,0,0.0,--.--,--.--,--.----,--.----
2026-10-04,12:50:09,HZ-NODE-14.local,NODE_14,0,0.0,--.--,--.--,--.----,--.----
2026-10-04,12:50:09,HZ-NODE-15.local,NODE_15,0,0.0,--.--,--.--,--.----,--.----
2026-10-04,12:51:09,HZ-SERVER.local,NODE_00,60,100.0,28.38,28.50,28.4521,0.0312
2026-10-04,12:51:09,HZ-NODE-01.local,NODE_01,30,50.0,28.50,28.62,28.5521,0.0288
2026-10-04,12:51:09,HZ-NODE-02.local,NODE_02,30,50.0,28.44,28.50,28.4896,0.0237
2026-10-04,12:51:09,HZ-NODE-03.local,NODE_03,29,48.3,28.56,28.62,28.5884,0.0313
2026-10-04,12:51:09,HZ-NODE-04.local,NODE_04,0,0.0,--.--,--.--,--.----,--.----
2026-10-04,12:51:09,HZ-NODE-05.local,NODE_05,0,0.0,--.--,--.--,--.----,--.----
2026-10-04,12:51:09,HZ-NODE-06.local,NODE_06,0,0.0,--.--,--.--,--.----,--.----
2026-10-04,12:51:09,HZ-NODE-07.local,NODE_07,0,0.0,--.--,--.--,--.----,--.----
2026-10-04,12:51:09,HZ-NODE-08.local,NODE_08,0,0.0,--.--,--.--,--.----,--.----
2026-10-04,12:51:09,HZ-NODE-09.local,NODE_09,0,0.0,--.--,--.--,--.----,--.----
2026-10-04,12:51:09,HZ-NODE-10.local,NODE_10,0,0.0,--.--,--.--,--.----,--.----
2026-10-04,12:51:09,HZ-NODE-11.local,NODE_11,0,0.0,--.--,--.--,--.----,--.----
2026-10-04,12:51:09,HZ-NODE-12.local,NODE_12,0,0.0,--.--,--.--,--.----,--.----
2026-10-04,12:51:09,HZ-NODE-13.local,NODE_13,0,0.0,--.--,--.--,--.----,--.----
2026-10-04,12:51:09,HZ-NODE-14.local,NODE_14,0,0.0,--.--,--.--,--.----,--.----
2026-10-04,12:51:09,HZ-NODE-15.local,NODE_15,0,0.0,--.--,--.--,--.----,--.----
2026-10-04,12:52:09,HZ-SERVER.local,NODE_00,60,100.0,28.44,28.50,28.4583,0.0297
2026-10-04,12:52:09,HZ-NODE-01.local,NODE_01,29,48.3,28.50,28.56,28.5496,0.0258
2026-10-04,12:52:09,HZ-NODE-02.local,NODE_02,29,48.3,28.44,28.56,28.4957,0.0232
2026-10-04,12:52:09,HZ-NODE-03.local,NODE_03,30,50.0,28.56,28.62,28.6146,0.0237
2026-10-04,12:52:09,HZ-NODE-04.local,NODE_04,0,0.0,--.--,--.--,--.----,--.----
2026-10-04,12:52:09,HZ-NODE-05.local,NODE_05,0,0.0,--.--,--.--,--.----,--.----
2026-10-04,12:52:09,HZ-NODE-06.local,NODE_06,0,0.0,--.--,--.--,--.----,--.----
2026-10-04,12:52:09,HZ-NODE-07.local,NODE_07,0,0.0,--.--,--.--,--.----,--.----
2026-10-04,12:52:09,HZ-NODE-08.local,NODE_08,0,0.0,--.--,--.--,--.----,--.----
2026-10-04,12:52:09,HZ-NODE-09.local,NODE_09,0,0.0,--.--,--.--,--.----,--.----
2026-10-04,12:52:09,HZ-NODE-10.local,NODE_10,0,0.0,--.--,--.--,--.----,--.----
2026-10-04,12:52:09,HZ-NODE-11.local,NODE_11,0,0.0,--.--,--.--,--.----,--.----
2026-10-04,12:52:09,HZ-NODE-12.local,NODE_12,0,0.0,--.--,--.--,--.----,--.----
2026-10-04,12:52:09,HZ-NODE-13.local,NODE_13,0,0.0,--.--,--.--,--.----,--.----
2026-10-04,12:52:09,HZ-NODE-14.local,NODE_14,0,0.0,--.--,--.--,--.----,--.----
2026-10-04,12:52:09,HZ-NODE-15.local,NODE_15,0,0.0,--.--,--.--,--.----,--.----
2026-10-04,12:53:09,HZ-SERVER.local,NODE_00,60,100.0,28.44,28.50,28.4719,0.0314
2026-10-04,12:53:09,HZ-NODE-01.local,NODE_01,30,50.0,28.50,28.62,28.5625,0.0284
2026-10-04,12:53:09,HZ-NODE-02.local,NODE_02,30,50.0,28.44,28.50,28.4979,0.0114
2026-10-04,12:53:09,HZ-NODE-03.local,NODE_03,29,48.3,28.56,28.62,28.6099,0.0272
2026-10-04,12:53:09,HZ-NODE-04.local,NODE_04,0,0.0,--.--,--.--,--.----,--.----
2026-10-04,12:53:09,HZ-NODE-05.local,NODE_05,0,0.0,--.--,--.--,--.----,--.----
2026-10-04,12:53:09,HZ-NODE-06.local,NODE_06,0,0.0,--.--,--.--,--.----,--.----
2026-10-04,12:53:09,HZ-NODE-07.local,NODE_07,0,0.0,--.--,--.--,--.----,--.----
2026-10-04,12:53:09,HZ-NODE-08.local,NODE_08,0,0.0,--.--,--.--,--.----,--.----
2026-10-04,12:53:09,HZ-NODE-09.local,NODE_09,0,0.0,--.--,--.--,--.----,--.----
2026-10-04,12:53:09,HZ-NODE-10.local,NODE_10,0,0.0,--.--,--.--,--.----,--.----
2026-10-04,12:53:09,HZ-NODE-11.local,NODE_11,0,0.0,--.--,--.--,--.----,--.----
2026-10-04,12:53:09,HZ-NODE-12.local,NODE_12,0,0.0,--.--,--.--,--.----,--.----
2026-10-04,12:53:09,HZ-NODE-13.local,NODE_13,0,0.0,--.--,--.--,--.----,--.----
2026-10-04,12:53:09,HZ-NODE-14.local,NODE_14,0,0.0,--.--,--.--,--.----,--.----
2026-10-04,12:53:09,HZ-NODE-15.local,NODE_15,0,0.0,--.--,--.--,--.----,--.----
2026-10-04,12:54:09,HZ-SERVER.local,NODE_00,60,100.0,28.44,28.56,28.5000,0.0257
2026-10-04,12:54:09,HZ-NODE-01.local,NODE_01,30,50.0,28.50,28.62,28.5875,0.0352
2026-10-04,12:54:09,HZ-NODE-02.local,NODE_02,29,48.3,28.44,28.56,28.5237,0.0351
2026-10-04,12:54:09,HZ-NODE-03.local,NODE_03,30,50.0,28.62,28.69,28.6354,0.0237
2026-10-04,12:54:09,HZ-NODE-04.local,NODE_04,0,0.0,--.--,--.--,--.----,--.----
2026-10-04,12:54:09,HZ-NODE-05.local,NODE_05,0,0.0,--.--,--.--,--.----,--.----
2026-10-04,12:54:09,HZ-NODE-06.local,NODE_06,0,0.0,--.--,--.--,--.----,--.----
2026-10-04,12:54:09,HZ-NODE-07.local,NODE_07,0,0.0,--.--,--.--,--.----,--.----
2026-10-04,12:54:09,HZ-NODE-08.local,NODE_08,0,0.0,--.--,--.--,--.----,--.----
2026-10-04,12:54:09,HZ-NODE-09.local,NODE_09,0,0.0,--.--,--.--,--.----,--.----
2026-10-04,12:54:09,HZ-NODE-10.local,NODE_10,0,0.0,--.--,--.--,--.----,--.----
2026-10-04,12:54:09,HZ-NODE-11.local,NODE_11,0,0.0,--.--,--.--,--.----,--.----
2026-10-04,12:54:09,HZ-NODE-12.local,NODE_12,0,0.0,--.--,--.--,--.----,--.----
2026-10-04,12:54:09,HZ-NODE-13.local,NODE_13,0,0.0,--.--,--.--,--.----,--.----
2026-10-04,12:54:09,HZ-NODE-14.local,NODE_14,0,0.0,--.--,--.--,--.----,--.----
2026-10-04,12:54:09,HZ-NODE-15.local,NODE_15,0,0.0,--.--,--.--,--.----,--.----
2026-10-04,12:55:09,HZ-SERVER.local,NODE_00,60,100.0,28.44,28.62,28.5292,0.0390
2026-10-04,12:55:09,HZ-NODE-01.local,NODE_01,29,48.3,28.56,28.69,28.6142,0.0412
2026-10-04,12:55:09,HZ-NODE-02.local,NODE_02,30,50.0,28.50,28.62,28.5500,0.0381
2026-10-04,12:55:09,HZ-NODE-03.local,NODE_03,29,48.3,28.62,28.69,28.6638,0.0309
2026-10-04,12:55:09,HZ-NODE-04.local,NODE_04,0,0.0,--.--,--.--,--.----,--.----
2026-10-04,12:55:09,HZ-NODE-05.local,NODE_05,0,0.0,--.--,--.--,--.----,--.----
2026-10-04,12:55:09,HZ-NODE-06.local,NODE_06,0,0.0,--.--,--.--,--.----,--.----
2026-10-04,12:55:09,HZ-NODE-07.local,NODE_07,0,0.0,--.--,--.--,--.----,--.----
2026-10-04,12:55:09,HZ-NODE-08.local,NODE_08,0,0.0,--.--,--.--,--.----,--.----
2026-10-04,12:55:09,HZ-NODE-09.local,NODE_09,0,0.0,--.--,--.--,--.----,--.----
2026-10-04,12:55:09,HZ-NODE-10.local,NODE_10,0,0.0,--.--,--.--,--.----,--.----
2026-10-04,12:55:09,HZ-NODE-11.local,NODE_11,0,0.0,--.--,--.--,--.----,--.----
2026-10-04,12:55:09,HZ-NODE-12.local,NODE_12,0,0.0,--.--,--.--,--.----,--.----
2026-10-04,12:55:09,HZ-NODE-13.local,NODE_13,0,0.0,--.--,--.--,--.----,--.----
2026-10-04,12:55:09,HZ-NODE-14.local,NODE_14,0,0.0,--.--,--.--,--.----,--.----
2026-10-04,12:55:09,HZ-NODE-15.local,NODE_15,0,0.0,--.--,--.--,--.----,--.----
2026-10-04,12:56:10,HZ-SERVER.local,NODE_00,60,100.0,28.50,28.56,28.5333,0.0314
2026-10-04,12:56:10,HZ-NODE-01.local,NODE_01,30,50.0,28.56,28.69,28.6208,0.0228
2026-10-04,12:56:10,HZ-NODE-02.local,NODE_02,29,48.3,28.50,28.62,28.5582,0.0331
2026-10-04,12:56:10,HZ-NODE-03.local,NODE_03,30,50.0,28.62,28.69,28.6687,0.0291
2026-10-04,12:56:10,HZ-NODE-04.local,NODE_04,0,0.0,--.--,--.--,--.----,--.----
2026-10-04,12:56:10,HZ-NODE-05.local,NODE_05,0,0.0,--.--,--.--,--.----,--.----
2026-10-04,12:56:10,HZ-NODE-06.local,NODE_06,0,0.0,--.--,--.--,--.----,--.----
2026-10-04,12:56:10,HZ-NODE-07.local,NODE_07,0,0.0,--.--,--.--,--.----,--.----
2026-10-04,12:56:10,HZ-NODE-08.local,NODE_08,0,0.0,--.--,--.--,--.----,--.----
2026-10-04,12:56:10,HZ-NODE-09.local,NODE_09,0,0.0,--.--,--.--,--.----,--.----
2026-10-04,12:56:10,HZ-NODE-10.local,NODE_10,0,0.0,--.--,--.--,--.----,--.----
2026-10-04,12:56:10,HZ-NODE-11.local,NODE_11,0,0.0,--.--,--.--,--.----,--.----
2026-10-04,12:56:10,HZ-NODE-12.local,NODE_12,0,0.0,--.--,--.--,--.----,--.----
2026-10-04,12:56:10,HZ-NODE-13.local,NODE_13,0,0.0,--.--,--.--,--.----,--.----
2026-10-04,12:56:10,HZ-NODE-14.local,NODE_14,0,0.0,--.--,--.--,--.----,--.----
2026-10-04,12:56:10,HZ-NODE-15.local,NODE_15,0,0.0,--.--,--.--,--.----,--.----
2026-10-04,12:57:10,HZ-SERVER.local,NODE_00,60,100.0,28.50,28.56,28.5333,0.0314
2026-10-04,12:57:10,HZ-NODE-01.local,NODE_01,29,48.3,28.56,28.62,28.6142,0.0240
2026-10-04,12:57:10,HZ-NODE-02.local,NODE_02,30,50.0,28.50,28.62,28.5563,0.0342
2026-10-04,12:57:10,HZ-NODE-03.local,NODE_03,29,48.3,28.62,28.69,28.6573,0.0318
2026-10-04,12:57:10,HZ-NODE-04.local,NODE_04,0,0.0,--.--,--.--,--.----,--.----
2026-10-04,12:57:10,HZ-NODE-05.local,NODE_05,0,0.0,--.--,--.--,--.----,--.----
2026-10-04,12:57:10,HZ-NODE-06.local,NODE_06,0,0.0,--.--,--.--,--.----,--.----
2026-10-04,12:57:10,HZ-NODE-07.local,NODE_07,0,0.0,--.--,--.--,--.----,--.----
2026-10-04,12:57:10,HZ-NODE-08.local,NODE_08,0,0.0,--.--,--.--,--.----,--.----
2026-10-04,12:57:10,HZ-NODE-09.local,NODE_09,0,0.0,--.--,--.--,--.----,--.----
2026-10-04,12:57:10,HZ-NODE-10.local,NODE_10,0,0.0,--.--,--.--,--.----,--.----
2026-10-04,12:57:10,HZ-NODE-11.local,NODE_11,0,0.0,--.--,--.--,--.----,--.----
2026-10-04,12:57:10,HZ-NODE-12.local,NODE_12,0,0.0,--.--,--.--,--.----,--.----
2026-10-04,12:57:10,HZ-NODE-13.local,NODE_13,0,0.0,--.--,--.--,--.----,--.----
2026-10-04,12:57:10,HZ-NODE-14.local,NODE_14,0,0.0,--.--,--.--,--.----,--.----
2026-10-04,12:57:10,HZ-NODE-15.local,NODE_15,0,0.0,--.--,--.--,--.----,--.----
2026-10-04,12:58:10,HZ-SERVER.local,NODE_00,60,100.0,28.50,28.56,28.5437,0.0289
2026-10-04,12:58:10,HZ-NODE-01.local,NODE_01,30,50.0,28.56,28.69,28.6125,0.0303
2026-10-04,12:58:10,HZ-NODE-02.local,NODE_02,30,50.0,28.50,28.62,28.5542,0.0317
2026-10-04,12:58:10,HZ-NODE-03.local,NODE_03,30,50.0,28.62,28.69,28.6646,0.0306
2026-10-04,12:58:10,HZ-NODE-04.local,NODE_04,0,0.0,--.--,--.--,--.----,--.----
2026-10-04,12:58:10,HZ-NODE-05.local,NODE_05,0,0.0,--.--,--.--,--.----,--.----
2026-10-04,12:58:10,HZ-NODE-06.local,NODE_06,0,0.0,--.--,--.--,--.----,--.----
2026-10-04,12:58:10,HZ-NODE-07.local,NODE_07,0,0.0,--.--,--.--,--.----,--.----
2026-10-04,12:58:10,HZ-NODE-08.local,NODE_08,0,0.0,--.--,--.--,--.----,--.----
2026-10-04,12:58:10,HZ-NODE-09.local,NODE_09,0,0.0,--.--,--.--,--.----,--.----
2026-10-04,12:58:10,HZ-NODE-10.local,NODE_10,0,0.0,--.--,--.--,--.----,--.----
2026-10-04,12:58:10,HZ-NODE-11.local,NODE_11,0,0.0,--.--,--.--,--.----,--.----
2026-10-04,12:58:10,HZ-NODE-12.local,NODE_12,0,0.0,--.--,--.--,--.----,--.----
2026-10-04,12:58:10,HZ-NODE-13.local,NODE_13,0,0.0,--.--,--.--,--.----,--.----
2026-10-04,12:58:10,HZ-NODE-14.local,NODE_14,0,0.0,--.--,--.--,--.----,--.----
2026-10-04,12:58:10,HZ-NODE-15.local,NODE_15,0,0.0,--.--,--.--,--.----,--.----
2026-10-04,12:59:10,HZ-SERVER.local,NODE_00,60,100.0,28.50,28.56,28.5469,0.0273
2026-10-04,12:59:10,HZ-NODE-01.local,NODE_01,29,48.3,28.56,28.69,28.6272,0.0312
2026-10-04,12:59:10,HZ-NODE-02.local,NODE_02,29,48.3,28.50,28.62,28.5668,0.0286
2026-10-04,12:59:10,HZ-NODE-03.local,NODE_03,28,46.7,28.62,28.75,28.6719,0.0324
2026-10-04,12:59:10,HZ-NODE-04.local,NODE_04,0,0.0,--.--,--.--,--.----,--.----
2026-10-04,12:59:10,HZ-NODE-05.local,NODE_05,0,0.0,--.--,--.--,--.----,--.----
2026-10-04,12:59:10,HZ-NODE-06.local,NODE_06,0,0.0,--.--,--.--,--.----,--.----
2026-10-04,12:59:10,HZ-NODE-07.local,NODE_07,0,0.0,--.--,--.--,--.----,--.----
2026-10-04,12:59:10,HZ-NODE-08.local,NODE_08,0,0.0,--.--,--.--,--.----,--.----
2026-10-04,12:59:10,HZ-NODE-09.local,NODE_09,0,0.0,--.--,--.--,--.----,--.----
2026-10-04,12:59:10,HZ-NODE-10.local,NODE_10,0,0.0,--.--,--.--,--.----,--.----
2026-10-04,12:59:10,HZ-NODE-11.local,NODE_11,0,0.0,--.--,--.--,--.----,--.----
2026-10-04,12:59:10,HZ-NODE-12.local,NODE_12,0,0.0,--.--,--.--,--.----,--.----
2026-10-04,12:59:10,HZ-NODE-13.local,NODE_13,0,0.0,--.--,--.--,--.----,--.----
2026-10-04,12:59:10,HZ-NODE-14.local,NODE_14,0,0.0,--.--,--.--,--.----,--.----
2026-10-04,12:59:10,HZ-NODE-15.local,NODE_15,0,0.0,--.--,--.--,--.----,--.----
2026-10-04,13:00:10,HZ-SERVER.local,NODE_00,60,100.0,28.50,28.62,28.5656,0.0292
2026-10-04,13:00:10,HZ-NODE-01.local,NODE_01,30,50.0,28.62,28.69,28.6604,0.0315
2026-10-04,13:00:10,HZ-NODE-02.local,NODE_02,30,50.0,28.50,28.62,28.6021,0.0348
2026-10-04,13:00:10,HZ-NODE-03.local,NODE_03,30,50.0,28.62,28.75,28.6833,0.0326
2026-10-04,13:00:10,HZ-NODE-04.local,NODE_04,0,0.0,--.--,--.--,--.----,--.----
2026-10-04,13:00:10,HZ-NODE-05.local,NODE_05,0,0.0,--.--,--.--,--.----,--.----
2026-10-04,13:00:10,HZ-NODE-06.local,NODE_06,0,0.0,--.--,--.--,--.----,--.----
2026-10-04,13:00:10,HZ-NODE-07.local,NODE_07,0,0.0,--.--,--.--,--.----,--.----
2026-10-04,13:00:10,HZ-NODE-08.local,NODE_08,0,0.0,--.--,--.--,--.----,--.----
2026-10-04,13:00:10,HZ-NODE-09.local,NODE_09,0,0.0,--.--,--.--,--.----,--.----
2026-10-04,13:00:10,HZ-NODE-10.local,NODE_10,0,0.0,--.--,--.--,--.----,--.----
2026-10-04,13:00:10,HZ-NODE-11.local,NODE_11,0,0.0,--.--,--.--,--.----,--.----
2026-10-04,13:00:10,HZ-NODE-12.local,NODE_12,0,0.0,--.--,--.--,--.----,--.----
2026-10-04,13:00:10,HZ-NODE-13.local,NODE_13,0,0.0,--.--,--.--,--.----,--.----
2026-10-04,13:00:10,HZ-NODE-14.local,NODE_14,0,0.0,--.--,--.--,--.----,--.----
2026-10-04,13:00:10,HZ-NODE-15.local,NODE_15,0,0.0,--.--,--.--,--.----,--.----
2026-10-04,13:01:10,HZ-SERVER.local,NODE_00,60,100.0,28.56,28.62,28.5896,0.0312
2026-10-04,13:01:10,HZ-NODE-01.local,NODE_01,29,48.3,28.62,28.75,28.6853,0.0203
2026-10-04,13:01:10,HZ-NODE-02.local,NODE_02,29,48.3,28.56,28.69,28.6250,0.0236
2026-10-04,13:01:10,HZ-NODE-03.local,NODE_03,30,50.0,28.69,28.75,28.7312,0.0291
2026-10-04,13:01:10,HZ-NODE-04.local,NODE_04,0,0.0,--.--,--.--,--.----,--.----
2026-10-04,13:01:10,HZ-NODE-05.local,NODE_05,0,0.0,--.--,--.--,--.----,--.----
2026-10-04,13:01:10,HZ-NODE-06.local,NODE_06,0,0.0,--.--,--.--,--.----,--.----
2026-10-04,13:01:10,HZ-NODE-07.local,NODE_07,0,0.0,--.--,--.--,--.----,--.----
2026-10-04,13:01:10,HZ-NODE-08.local,NODE_08,0,0.0,--.--,--.--,--.----,--.----
2026-10-04,13:01:10,HZ-NODE-09.local,NODE_09,0,0.0,--.--,--.--,--.----,--.----
2026-10-04,13:01:10,HZ-NODE-10.local,NODE_10,0,0.0,--.--,--.--,--.----,--.----
2026-10-04,13:01:10,HZ-NODE-11.local,NODE_11,0,0.0,--.--,--.--,--.----,--.----
2026-10-04,13:01:10,HZ-NODE-12.local,NODE_12,0,0.0,--.--,--.--,--.----,--.----
2026-10-04,13:01:10,HZ-NODE-13.local,NODE_13,0,0.0,--.--,--.--,--.----,--.----
2026-10-04,13:01:10,HZ-NODE-14.local,NODE_14,0,0.0,--.--,--.--,--.----,--.----
2026-10-04,13:01:10,HZ-NODE-15.local,NODE_15,0,0.0,--.--,--.--,--.----,--.----
2026-10-04,13:02:10,HZ-SERVER.local,NODE_00,60,100.0,28.56,28.69,28.6198,0.0265
2026-10-04,13:02:10,HZ-NODE-01.local,NODE_01,30,50.0,28.62,28.75,28.6875,0.0328
2026-10-04,13:02:10,HZ-NODE-02.local,NODE_02,30,50.0,28.56,28.69,28.6375,0.0303
2026-10-04,13:02:10,HZ-NODE-03.local,NODE_03,29,48.3,28.69,28.75,28.7414,0.0219
2026-10-04,13:02:10,HZ-NODE-04.local,NODE_04,0,0.0,--.--,--.--,--.----,--.----
2026-10-04,13:02:10,HZ-NODE-05.local,NODE_05,0,0.0,--.--,--.--,--.----,--.----
2026-10-04,13:02:10,HZ-NODE-06.local,NODE_06,0,0.0,--.--,--.--,--.----,--.----
2026-10-04,13:02:10,HZ-NODE-07.local,NODE_07,0,0.0,--.--,--.--,--.----,--.----
2026-10-04,13:02:10,HZ-NODE-08.local,NODE_08,0,0.0,--.--,--.--,--.----,--.----
2026-10-04,13:02:10,HZ-NODE-09.local,NODE_09,0,0.0,--.--,--.--,--.----,--.----
2026-10-04,13:02:10,HZ-NODE-10.local,NODE_10,0,0.0,--.--,--.--,--.----,--.----
2026-10-04,13:02:10,HZ-NODE-11.local,NODE_11,0,0.0,--.--,--.--,--.----,--.----
2026-10-04,13:02:10,HZ-NODE-12.local,NODE_12,0,0.0,--.--,--.--,--.----,--.----
2026-10-04,13:02:10,HZ-NODE-13.local,NODE_13,0,0.0,--.--,--.--,--.----,--.----
2026-10-04,13:02:10,HZ-NODE-14.local,NODE_14,0,0.0,--.--,--.--,--.----,--.----
2026-10-04,13:02:10,HZ-NODE-15.local,NODE_15,0,0.0,--.--,--.--,--.----,--.----
2026-10-04,13:03:10,HZ-SERVER.local,NODE_00,60,100.0,28.56,28.62,28.5969,0.0314
2026-10-04,13:03:10,HZ-NODE-01.local,NODE_01,29,48.3,28.62,28.75,28.6832,0.0232
2026-10-04,13:03:10,HZ-NODE-02.local,NODE_02,29,48.3,28.56,28.62,28.6013,0.0309
2026-10-04,13:03:10,HZ-NODE-03.local,NODE_03,30,50.0,28.69,28.75,28.7125,0.0311
2026-10-04,13:03:10,HZ-NODE-04.local,NODE_04,0,0.0,--.--,--.--,--.----,--.----
2026-10-04,13:03:10,HZ-NODE-05.local,NODE_05,0,0.0,--.--,--.--,--.----,--.----
2026-10-04,13:03:10,HZ-NODE-06.local,NODE_06,0,0.0,--.--,--.--,--.----,--.----
2026-10-04,13:03:10,HZ-NODE-07.local,NODE_07,0,0.0,--.--,--.--,--.----,--.----
2026-10-04,13:03:10,HZ-NODE-08.local,NODE_08,0,0.0,--.--,--.--,--.----,--.----
2026-10-04,13:03:10,HZ-NODE-09.local,NODE_09,0,0.0,--.--,--.--,--.----,--.----
2026-10-04,13:03:10,HZ-NODE-10.local,NODE_10,0,0.0,--.--,--.--,--.----,--.----
2026-10-04,13:03:10,HZ-NODE-11.local,NODE_11,0,0.0,--.--,--.--,--.----,--.----
2026-10-04,13:03:10,HZ-NODE-12.local,NODE_12,0,0.0,--.--,--.--,--.----,--.----
2026-10-04,13:03:10,HZ-NODE-13.local,NODE_13,0,0.0,--.--,--.--,--.----,--.----
2026-10-04,13:03:10,HZ-NODE-14.local,NODE_14,0,0.0,--.--,--.--,--.----,--.----
2026-10-04,13:03:10,HZ-NODE-15.local,NODE_15,0,0.0,--.--,--.--,--.----,--.----
2026-10-04,13:04:10,HZ-SERVER.local,NODE_00,60,100.0,28.56,28.62,28.5906,0.0314
2026-10-04,13:04:10,HZ-NODE-01.local,NODE_01,30,50.0,28.62,28.69,28.6625,0.0311
2026-10-04,13:04:10,HZ-NODE-02.local,NODE_02,29,48.3,28.56,28.62,28.6034,0.0302
2026-10-04,13:04:10,HZ-NODE-03.local,NODE_03,29,48.3,28.62,28.75,28.7026,0.0319
2026-10-04,13:04:10,HZ-NODE-04.local,NODE_04,0,0.0,--.--,--.--,--.----,--.----
2026-10-04,13:04:10,HZ-NODE-05.local,NODE_05,0,0.0,--.--,--.--,--.----,--.----
2026-10-04,13:04:10,HZ-NODE-06.local,NODE_06,0,0.0,--.--,--.--,--.----,--.----
2026-10-04,13:04:10,HZ-NODE-07.local,NODE_07,0,0.0,--.--,--.--,--.----,--.----
2026-10-04,13:04:10,HZ-NODE-08.local,NODE_08,0,0.0,--.--,--.--,--.----,--.----
2026-10-04,13:04:10,HZ-NODE-09.local,NODE_09,0,0.0,--.--,--.--,--.----,--.----
2026-10-04,13:04:10,HZ-NODE-10.local,NODE_10,0,0.0,--.--,--.--,--.----,--.----
2026-10-04,13:04:10,HZ-NODE-11.local,NODE_11,0,0.0,--.--,--.--,--.----,--.----
2026-10-04,13:04:10,HZ-NODE-12.local,NODE_12,0,0.0,--.--,--.--,--.----,--.----
2026-10-04,13:04:10,HZ-NODE-13.local,NODE_13,0,0.0,--.--,--.--,--.----,--.----
2026-10-04,13:04:10,HZ-NODE-14.local,NODE_14,0,0.0,--.--,--.--,--.----,--.----
2026-10-04,13:04:10,HZ-NODE-15.local,NODE_15,0,0.0,--.--,--.--,--.----,--.----
2026-10-04,13:05:10,HZ-SERVER.local,NODE_00,60,100.0,28.56,28.69,28.6208,0.0226
2026-10-04,13:05:10,HZ-NODE-01.local,NODE_01,30,50.0,28.62,28.75,28.6979,0.0332
2026-10-04,13:05:10,HZ-NODE-02.local,NODE_02,29,48.3,28.56,28.69,28.6250,0.0334
2026-10-04,13:05:10,HZ-NODE-03.local,NODE_03,30,50.0,28.69,28.75,28.7146,0.0315
2026-10-04,13:05:10,HZ-NODE-04.local,NODE_04,0,0.0,--.--,--.--,--.----,--.----
2026-10-04,13:05:10,HZ-NODE-05.local,NODE_05,0,0.0,--.--,--.--,--.----,--.----
2026-10-04,13:05:10,HZ-NODE-06.local,NODE_06,0,0.0,--.--,--.--,--.----,--.----
2026-10-04,13:05:10,HZ-NODE-07.local,NODE_07,0,0.0,--.--,--.--,--.----,--.----
2026-10-04,13:05:10,HZ-NODE-08.local,NODE_08,0,0.0,--.--,--.--,--.----,--.----
2026-10-04,13:05:10,HZ-NODE-09.local,NODE_09,0,0.0,--.--,--.--,--.----,--.----
2026-10-04,13:05:10,HZ-NODE-10.local,NODE_10,0,0.0,--.--,--.--,--.----,--.----
2026-10-04,13:05:10,HZ-NODE-11.local,NODE_11,0,0.0,--.--,--.--,--.----,--.----
2026-10-04,13:05:10,HZ-NODE-12.local,NODE_12,0,0.0,--.--,--.--,--.----,--.----
2026-10-04,13:05:10,HZ-NODE-13.local,NODE_13,0,0.0,--.--,--.--,--.----,--.----
2026-10-04,13:05:10,HZ-NODE-14.local,NODE_14,0,0.0,--.--,--.--,--.----,--.----
2026-10-04,13:05:10,HZ-NODE-15.local,NODE_15,0,0.0,--.--,--.--,--.----,--.----
2026-10-04,13:06:10,HZ-SERVER.local,NODE_00,60,100.0,28.62,28.75,28.6635,0.0366
2026-10-04,13:06:10,HZ-NODE-01.local,NODE_01,29,48.3,28.69,28.81,28.7543,0.0440
2026-10-04,13:06:10,HZ-NODE-02.local,NODE_02,30,50.0,28.62,28.75,28.6854,0.0449
2026-10-04,13:06:10,HZ-NODE-03.local,NODE_03,29,48.3,28.69,28.88,28.7866,0.0458
2026-10-04,13:06:10,HZ-NODE-04.local,NODE_04,0,0.0,--.--,--.--,--.----,--.----
2026-10-04,13:06:10,HZ-NODE-05.local,NODE_05,0,0.0,--.--,--.--,--.----,--.----
2026-10-04,13:06:10,HZ-NODE-06.local,NODE_06,0,0.0,--.--,--.--,--.----,--.----
2026-10-04,13:06:10,HZ-NODE-07.local,NODE_07,0,0.0,--.--,--.--,--.----,--.----
2026-10-04,13:06:10,HZ-NODE-08.local,NODE_08,0,0.0,--.--,--.--,--.----,--.----
2026-10-04,13:06:10,HZ-NODE-09.local,NODE_09,0,0.0,--.--,--.--,--.----,--.----
2026-10-04,13:06:10,HZ-NODE-10.local,NODE_10,0,0.0,--.--,--.--,--.----,--.----
2026-10-04,13:06:10,HZ-NODE-11.local,NODE_11,0,0.0,--.--,--.--,--.----,--.----
2026-10-04,13:06:10,HZ-NODE-12.local,NODE_12,0,0.0,--.--,--.--,--.----,--.----
2026-10-04,13:06:10,HZ-NODE-13.local,NODE_13,0,0.0,--.--,--.--,--.----,--.----
2026-10-04,13:06:10,HZ-NODE-14.local,NODE_14,0,0.0,--.--,--.--,--.----,--.----
2026-10-04,13:06:10,HZ-NODE-15.local,NODE_15,0,0.0,--.--,--.--,--.----,--.----
2026-10-04,13:07:10,HZ-SERVER.local,NODE_00,60,100.0,28.69,28.75,28.7188,0.0315
2026-10-04,13:07:10,HZ-NODE-01.local,NODE_01,30,50.0,28.75,28.81,28.8021,0.0237
2026-10-04,13:07:10,HZ-NODE-02.local,NODE_02,29,48.3,28.69,28.75,28.7198,0.0318
2026-10-04,13:07:10,HZ-NODE-03.local,NODE_03,30,50.0,28.75,28.88,28.8167,0.0281
2026-10-04,13:07:10,HZ-NODE-04.local,NODE_04,0,0.0,--.--,--.--,--.----,--.----
2026-10-04,13:07:10,HZ-NODE-05.local,NODE_05,0,0.0,--.--,--.--,--.----,--.----
2026-10-04,13:07:10,HZ-NODE-06.local,NODE_06,0,0.0,--.--,--.--,--.----,--.----
2026-10-04,13:07:10,HZ-NODE-07.local,NODE_07,0,0.0,--.--,--.--,--.----,--.----
2026-10-04,13:07:10,HZ-NODE-08.local,NODE_08,0,0.0,--.--,--.--,--.----,--.----
2026-10-04,13:07:10,HZ-NODE-09.local,NODE_09,0,0.0,--.--,--.--,--.----,--.----
2026-10-04,13:07:10,HZ-NODE-10.local,NODE_10,0,0.0,--.--,--.--,--.----,--.----
2026-10-04,13:07:10,HZ-NODE-11.local,NODE_11,0,0.0,--.--,--.--,--.----,--.----
2026-10-04,13:07:10,HZ-NODE-12.local,NODE_12,0,0.0,--.--,--.--,--.----,--.----
2026-10-04,13:07:10,HZ-NODE-13.local,NODE_13,0,0.0,--.--,--.--,--.----,--.----
2026-10-04,13:07:10,HZ-NODE-14.local,NODE_14,0,0.0,--.--,--.--,--.----,--.----
2026-10-04,13:07:10,HZ-NODE-15.local,NODE_15,0,0.0,--.--,--.--,--.----,--.----
2026-10-04,13:08:10,HZ-SERVER.local,NODE_00,60,100.0,28.69,28.81,28.7365,0.0284
2026-10-04,13:08:10,HZ-NODE-01.local,NODE_01,29,48.3,28.75,28.88,28.8190,0.0256
2026-10-04,13:08:10,HZ-NODE-02.local,NODE_02,30,50.0,28.69,28.81,28.7437,0.0300
2026-10-04,13:08:10,HZ-NODE-03.local,NODE_03,29,48.3,28.81,28.88,28.8405,0.0316
2026-10-04,13:08:10,HZ-NODE-04.local,NODE_04,0,0.0,--.--,--.--,--.----,--.----
2026-10-04,13:08:10,HZ-NODE-05.local,NODE_05,0,0.0,--.--,--.--,--.----,--.----
2026-10-04,13:08:10,HZ-NODE-06.local,NODE_06,0,0.0,--.--,--.--,--.----,--.----
2026-10-04,13:08:10,HZ-NODE-07.local,NODE_07,0,0.0,--.--,--.--,--.----,--.----
2026-10-04,13:08:10,HZ-NODE-08.local,NODE_08,0,0.0,--.--,--.--,--.----,--.----
2026-10-04,13:08:10,HZ-NODE-09.local,NODE_09,0,0.0,--.--,--.--,--.----,--.----
2026-10-04,13:08:10,HZ-NODE-10.local,NODE_10,0,0.0,--.--,--.--,--.----,--.----
2026-10-04,13:08:10,HZ-NODE-11.local,NODE_11,0,0.0,--.--,--.--,--.----,--.----
2026-10-04,13:08:10,HZ-NODE-12.local,NODE_12,0,0.0,--.--,--.--,--.----,--.----
2026-10-04,13:08:10,HZ-NODE-13.local,NODE_13,0,0.0,--.--,--.--,--.----,--.----
2026-10-04,13:08:10,HZ-NODE-14.local,NODE_14,0,0.0,--.--,--.--,--.----,--.----
2026-10-04,13:08:10,HZ-NODE-15.local,NODE_15,0,0.0,--.--,--.--,--.----,--.----
2026-10-04,13:09:10,HZ-SERVER.local,NODE_00,60,100.0,28.69,28.81,28.7427,0.0260
2026-10-04,13:09:10,HZ-NODE-01.local,NODE_01,30,50.0,28.81,28.88,28.8167,0.0159
2026-10-04,13:09:10,HZ-NODE-02.local,NODE_02,29,48.3,28.69,28.81,28.7435,0.0256
2026-10-04,13:09:10,HZ-NODE-03.local,NODE_03,30,50.0,28.81,28.88,28.8312,0.0291
2026-10-04,13:09:10,HZ-NODE-04.local,NODE_04,0,0.0,--.--,--.--,--.----,--.----
2026-10-04,13:09:10,HZ-NODE-05.local,NODE_05,0,0.0,--.--,--.--,--.----,--.----
2026-10-04,13:09:10,HZ-NODE-06.local,NODE_06,0,0.0,--.--,--.--,--.----,--.----
2026-10-04,13:09:10,HZ-NODE-07.local,NODE_07,0,0.0,--.--,--.--,--.----,--.----
2026-10-04,13:09:10,HZ-NODE-08.local,NODE_08,0,0.0,--.--,--.--,--.----,--.----
2026-10-04,13:09:10,HZ-NODE-09.local,NODE_09,0,0.0,--.--,--.--,--.----,--.----
2026-10-04,13:09:10,HZ-NODE-10.local,NODE_10,0,0.0,--.--,--.--,--.----,--.----
2026-10-04,13:09:10,HZ-NODE-11.local,NODE_11,0,0.0,--.--,--.--,--.----,--.----
2026-10-04,13:09:10,HZ-NODE-12.local,NODE_12,0,0.0,--.--,--.--,--.----,--.----
2026-10-04,13:09:10,HZ-NODE-13.local,NODE_13,0,0.0,--.--,--.--,--.----,--.----
2026-10-04,13:09:10,HZ-NODE-14.local,NODE_14,0,0.0,--.--,--.--,--.----,--.----
2026-10-04,13:09:10,HZ-NODE-15.local,NODE_15,0,0.0,--.--,--.--,--.----,--.----
2026-10-04,13:10:10,HZ-SERVER.local,NODE_00,60,100.0,28.69,28.81,28.7802,0.0335
2026-10-04,13:10:10,HZ-NODE-01.local,NODE_01,29,48.3,28.81,28.88,28.8685,0.0194
2026-10-04,13:10:10,HZ-NODE-02.local,NODE_02,30,50.0,28.75,28.81,28.7875,0.0311
2026-10-04,13:10:10,HZ-NODE-03.local,NODE_03,29,48.3,28.88,28.94,28.8901,0.0272
2026-10-04,13:10:10,HZ-NODE-04.local,NODE_04,0,0.0,--.--,--.--,--.----,--.----
2026-10-04,13:10:10,HZ-NODE-05.local,NODE_05,0,0.0,--.--,--.--,--.----,--.----
2026-10-04,13:10:10,HZ-NODE-06.local,NODE_06,0,0.0,--.--,--.--,--.----,--.----
2026-10-04,13:10:10,HZ-NODE-07.local,NODE_07,0,0.0,--.--,--.--,--.----,--.----
2026-10-04,13:10:10,HZ-NODE-08.local,NODE_08,0,0.0,--.--,--.--,--.----,--.----
2026-10-04,13:10:10,HZ-NODE-09.local,NODE_09,0,0.0,--.--,--.--,--.----,--.----
2026-10-04,13:10:10,HZ-NODE-10.local,NODE_10,0,0.0,--.--,--.--,--.----,--.----
2026-10-04,13:10:10,HZ-NODE-11.local,NODE_11,0,0.0,--.--,--.--,--.----,--.----
2026-10-04,13:10:10,HZ-NODE-12.local,NODE_12,0,0.0,--.--,--.--,--.----,--.----
2026-10-04,13:10:10,HZ-NODE-13.local,NODE_13,0,0.0,--.--,--.--,--.----,--.----
2026-10-04,13:10:10,HZ-NODE-14.local,NODE_14,0,0.0,--.--,--.--,--.----,--.----
2026-10-04,13:10:10,HZ-NODE-15.local,NODE_15,0,0.0,--.--,--.--,--.----,--.----
2026-10-04,13:11:10,HZ-SERVER.local,NODE_00,60,100.0,28.75,28.81,28.7698,0.0293
2026-10-04,13:11:10,HZ-NODE-01.local,NODE_01,30,50.0,28.81,28.94,28.8646,0.0288
2026-10-04,13:11:10,HZ-NODE-02.local,NODE_02,30,50.0,28.75,28.88,28.7958,0.0326
2026-10-04,13:11:10,HZ-NODE-03.local,NODE_03,30,50.0,28.88,28.94,28.8938,0.0291
2026-10-04,13:11:10,HZ-NODE-04.local,NODE_04,0,0.0,--.--,--.--,--.----,--.----
2026-10-04,13:11:10,HZ-NODE-05.local,NODE_05,0,0.0,--.--,--.--,--.----,--.----
2026-10-04,13:11:10,HZ-NODE-06.local,NODE_06,0,0.0,--.--,--.--,--.----,--.----
2026-10-04,13:11:10,HZ-NODE-07.local,NODE_07,0,0.0,--.--,--.--,--.----,--.----
2026-10-04,13:11:10,HZ-NODE-08.local,NODE_08,0,0.0,--.--,--.--,--.----,--.----
2026-10-04,13:11:10,HZ-NODE-09.local,NODE_09,0,0.0,--.--,--.--,--.----,--.----
2026-10-04,13:11:10,HZ-NODE-10.local,NODE_10,0,0.0,--.--,--.--,--.----,--.----
2026-10-04,13:11:10,HZ-NODE-11.local,NODE_11,0,0.0,--.--,--.--,--.----,--.----
2026-10-04,13:11:10,HZ-NODE-12.local,NODE_12,0,0.0,--.--,--.--,--.----,--.----
2026-10-04,13:11:10,HZ-NODE-13.local,NODE_13,0,0.0,--.--,--.--,--.----,--.----
2026-10-04,13:11:10,HZ-NODE-14.local,NODE_14,0,0.0,--.--,--.--,--.----,--.----
2026-10-04,13:11:10,HZ-NODE-15.local,NODE_15,0,0.0,--.--,--.--,--.----,--.----
2026-10-04,13:12:10,HZ-SERVER.local,NODE_00,60,100.0,28.75,28.81,28.7927,0.0293
2026-10-04,13:12:10,HZ-NODE-01.local,NODE_01,29,48.3,28.81,28.94,28.8750,0.0236
2026-10-04,13:12:10,HZ-NODE-02.local,NODE_02,29,48.3,28.75,28.88,28.8276,0.0319
2026-10-04,13:12:10,HZ-NODE-03.local,NODE_03,29,48.3,28.88,29.00,28.9267,0.0376
2026-10-04,13:12:10,HZ-NODE-04.local,NODE_04,0,0.0,--.--,--.--,--.----,--.----
2026-10-04,13:12:10,HZ-NODE-05.local,NODE_05,0,0.0,--.--,--.--,--.----,--.----
2026-10-04,13:12:10,HZ-NODE-06.local,NODE_06,0,0.0,--.--,--.--,--.----,--.----
2026-10-04,13:12:10,HZ-NODE-07.local,NODE_07,0,0.0,--.--,--.--,--.----,--.----
2026-10-04,13:12:10,HZ-NODE-08.local,NODE_08,0,0.0,--.--,--.--,--.----,--.----
2026-10-04,13:12:10,HZ-NODE-09.local,NODE_09,0,0.0,--.--,--.--,--.----,--.----
2026-10-04,13:12:10,HZ-NODE-10.local,NODE_10,0,0.0,--.--,--.--,--.----,--.----
2026-10-04,13:12:10,HZ-NODE-11.local,NODE_11,0,0.0,--.--,--.--,--.----,--.----
2026-10-04,13:12:10,HZ-NODE-12.local,NODE_12,0,0.0,--.--,--.--,--.----,--.----
2026-10-04,13:12:10,HZ-NODE-13.local,NODE_13,0,0.0,--.--,--.--,--.----,--.----
2026-10-04,13:12:10,HZ-NODE-14.local,NODE_14,0,0.0,--.--,--.--,--.----,--.----
2026-10-04,13:12:10,HZ-NODE-15.local,NODE_15,0,0.0,--.--,--.--,--.----,--.----
2026-10-04,13:13:11,HZ-SERVER.local,NODE_00,60,100.0,28.75,28.81,28.7927,0.0293
2026-10-04,13:13:11,HZ-NODE-01.local,NODE_01,30,50.0,28.88,28.94,28.8958,0.0300
2026-10-04,13:13:11,HZ-NODE-02.local,NODE_02,30,50.0,28.81,28.94,28.8562,0.0334
2026-10-04,13:13:11,HZ-NODE-03.local,NODE_03,30,50.0,28.88,29.06,28.9667,0.0393
2026-10-04,13:13:11,HZ-NODE-04.local,NODE_04,0,0.0,--.--,--.--,--.----,--.----
2026-10-04,13:13:11,HZ-NODE-05.local,NODE_05,0,0.0,--.--,--.--,--.----,--.----
2026-10-04,13:13:11,HZ-NODE-06.local,NODE_06,0,0.0,--.--,--.--,--.----,--.----
2026-10-04,13:13:11,HZ-NODE-07.local,NODE_07,0,0.0,--.--,--.--,--.----,--.----
2026-10-04,13:13:11,HZ-NODE-08.local,NODE_08,0,0.0,--.--,--.--,--.----,--.----
2026-10-04,13:13:11,HZ-NODE-09.local,NODE_09,0,0.0,--.--,--.--,--.----,--.----
2026-10-04,13:13:11,HZ-NODE-10.local,NODE_10,0,0.0,--.--,--.--,--.----,--.----
2026-10-04,13:13:11,HZ-NODE-11.local,NODE_11,0,0.0,--.--,--.--,--.----,--.----
2026-10-04,13:13:11,HZ-NODE-12.local,NODE_12,0,0.0,--.--,--.--,--.----,--.----
2026-10-04,13:13:11,HZ-NODE-13.local,NODE_13,0,0.0,--.--,--.--,--.----,--.----
2026-10-04,13:13:11,HZ-NODE-14.local,NODE_14,0,0.0,--.--,--.--,--.----,--.----
2026-10-04,13:13:11,HZ-NODE-15.local,NODE_15,0,0.0,--.--,--.--,--.----,--.----
2026-10-04,13:14:11,HZ-SERVER.local,NODE_00,60,100.0,28.75,28.88,28.8125,0.0345
2026-10-04,13:14:11,HZ-NODE-01.local,NODE_01,29,48.3,28.88,28.94,28.9095,0.0316
2026-10-04,13:14:11,HZ-NODE-02.local,NODE_02,29,48.3,28.81,28.88,28.8556,0.0294
2026-10-04,13:14:11,HZ-NODE-03.local,NODE_03,30,50.0,28.94,29.00,28.9667,0.0317
2026-10-04,13:14:11,HZ-NODE-04.local,NODE_04,0,0.0,--.--,--.--,--.----,--.----
2026-10-04,13:14:11,HZ-NODE-05.local,NODE_05,0,0.0,--.--,--.--,--.----,--.----
2026-10-04,13:14:11,HZ-NODE-06.local,NODE_06,0,0.0,--.--,--.--,--.----,--.----
2026-10-04,13:14:11,HZ-NODE-07.local,NODE_07,0,0.0,--.--,--.--,--.----,--.----
2026-10-04,13:14:11,HZ-NODE-08.local,NODE_08,0,0.0,--.--,--.--,--.----,--.----
2026-10-04,13:14:11,HZ-NODE-09.local,NODE_09,0,0.0,--.--,--.--,--.----,--.----
2026-10-04,13:14:11,HZ-NODE-10.local,NODE_10,0,0.0,--.--,--.--,--.----,--.----
2026-10-04,13:14:11,HZ-NODE-11.local,NODE_11,0,0.0,--.--,--.--,--.----,--.----
2026-10-04,13:14:11,HZ-NODE-12.local,NODE_12,0,0.0,--.--,--.--,--.----,--.----
2026-10-04,13:14:11,HZ-NODE-13.local,NODE_13,0,0.0,--.--,--.--,--.----,--.----
2026-10-04,13:14:11,HZ-NODE-14.local,NODE_14,0,0.0,--.--,--.--,--.----,--.----
2026-10-04,13:14:11,HZ-NODE-15.local,NODE_15,0,0.0,--.--,--.--,--.----,--.----
2026-10-04,13:15:11,HZ-SERVER.local,NODE_00,60,100.0,28.81,28.94,28.8667,0.0269
2026-10-04,13:15:11,HZ-NODE-01.local,NODE_01,30,50.0,28.88,29.00,28.9396,0.0259
2026-10-04,13:15:11,HZ-NODE-02.local,NODE_02,30,50.0,28.81,28.94,28.8813,0.0252
2026-10-04,13:15:11,HZ-NODE-03.local,NODE_03,29,48.3,28.94,29.06,28.9957,0.0232
2026-10-04,13:15:11,HZ-NODE-04.local,NODE_04,0,0.0,--.--,--.--,--.----,--.----
2026-10-04,13:15:11,HZ-NODE-05.local,NODE_05,0,0.0,--.--,--.--,--.----,--.----
2026-10-04,13:15:11,HZ-NODE-06.local,NODE_06,0,0.0,--.--,--.--,--.----,--.----
2026-10-04,13:15:11,HZ-NODE-07.local,NODE_07,0,0.0,--.--,--.--,--.----,--.----
2026-10-04,13:15:11,HZ-NODE-08.local,NODE_08,0,0.0,--.--,--.--,--.----,--.----
2026-10-04,13:15:11,HZ-NODE-09.local,NODE_09,0,0.0,--.--,--.--,--.----,--.----
2026-10-04,13:15:11,HZ-NODE-10.local,NODE_10,0,0.0,--.--,--.--,--.----,--.----
2026-10-04,13:15:11,HZ-NODE-11.local,NODE_11,0,0.0,--.--,--.--,--.----,--.----
2026-10-04,13:15:11,HZ-NODE-12.local,NODE_12,0,0.0,--.--,--.--,--.----,--.----
2026-10-04,13:15:11,HZ-NODE-13.local,NODE_13,0,0.0,--.--,--.--,--.----,--.----
2026-10-04,13:15:11,HZ-NODE-14.local,NODE_14,0,0.0,--.--,--.--,--.----,--.----
2026-10-04,13:15:11,HZ-NODE-15.local,NODE_15,0,0.0,--.--,--.--,--.----,--.----
2026-10-04,13:16:11,HZ-SERVER.local,NODE_00,60,100.0,28.81,28.94,28.8802,0.0369
2026-10-04,13:16:11,HZ-NODE-01.local,NODE_01,29,48.3,28.88,29.06,28.9763,0.0423
2026-10-04,13:16:11,HZ-NODE-02.local,NODE_02,29,48.3,28.88,29.00,28.9224,0.0397
2026-10-04,13:16:11,HZ-NODE-03.local,NODE_03,30,50.0,28.94,29.06,29.0104,0.0405
2026-10-04,13:16:11,HZ-NODE-04.local,NODE_04,0,0.0,--.--,--.--,--.----,--.----
2026-10-04,13:16:11,HZ-NODE-05.local,NODE_05,0,0.0,--.--,--.--,--.----,--.----
2026-10-04,13:16:11,HZ-NODE-06.local,NODE_06,0,0.0,--.--,--.--,--.----,--.----
2026-10-04,13:16:11,HZ-NODE-07.local,NODE_07,0,0.0,--.--,--.--,--.----,--.----
2026-10-04,13:16:11,HZ-NODE-08.local,NODE_08,0,0.0,--.--,--.--,--.----,--.----
2026-10-04,13:16:11,HZ-NODE-09.local,NODE_09,0,0.0,--.--,--.--,--.----,--.----
2026-10-04,13:16:11,HZ-NODE-10.local,NODE_10,0,0.0,--.--,--.--,--.----,--.----
2026-10-04,13:16:11,HZ-NODE-11.local,NODE_11,0,0.0,--.--,--.--,--.----,--.----
2026-10-04,13:16:11,HZ-NODE-12.local,NODE_12,0,0.0,--.--,--.--,--.----,--.----
2026-10-04,13:16:11,HZ-NODE-13.local,NODE_13,0,0.0,--.--,--.--,--.----,--.----
2026-10-04,13:16:11,HZ-NODE-14.local,NODE_14,0,0.0,--.--,--.--,--.----,--.----
2026-10-04,13:16:11,HZ-NODE-15.local,NODE_15,0,0.0,--.--,--.--,--.----,--.----
2026-10-04,13:17:11,HZ-SERVER.local,NODE_00,60,100.0,28.88,28.94,28.9167,0.0297
2026-10-04,13:17:11,HZ-NODE-01.local,NODE_01,30,50.0,28.94,29.06,29.0000,0.0284
2026-10-04,13:17:11,HZ-NODE-02.local,NODE_02,30,50.0,28.88,29.00,28.9437,0.0300
2026-10-04,13:17:11,HZ-NODE-03.local,NODE_03,29,48.3,29.00,29.06,29.0431,0.0294
2026-10-04,13:17:11,HZ-NODE-04.local,NODE_04,0,0.0,--.--,--.--,--.----,--.----
2026-10-04,13:17:11,HZ-NODE-05.local,NODE_05,0,0.0,--.--,--.--,--.----,--.----
2026-10-04,13:17:11,HZ-NODE-06.local,NODE_06,0,0.0,--.--,--.--,--.----,--.----
2026-10-04,13:17:11,HZ-NODE-07.local,NODE_07,0,0.0,--.--,--.--,--.----,--.----
2026-10-04,13:17:11,HZ-NODE-08.local,NODE_08,0,0.0,--.--,--.--,--.----,--.----
2026-10-04,13:17:11,HZ-NODE-09.local,NODE_09,0,0.0,--.--,--.--,--.----,--.----
2026-10-04,13:17:11,HZ-NODE-10.local,NODE_10,0,0.0,--.--,--.--,--.----,--.----
2026-10-04,13:17:11,HZ-NODE-11.local,NODE_11,0,0.0,--.--,--.--,--.----,--.----
2026-10-04,13:17:11,HZ-NODE-12.local,NODE_12,0,0.0,--.--,--.--,--.----,--.----
2026-10-04,13:17:11,HZ-NODE-13.local,NODE_13,0,0.0,--.--,--.--,--.----,--.----
2026-10-04,13:17:11,HZ-NODE-14.local,NODE_14,0,0.0,--.--,--.--,--.----,--.----
2026-10-04,13:17:11,HZ-NODE-15.local,NODE_15,0,0.0,--.--,--.--,--.----,--.----
2026-10-04,13:18:11,HZ-SERVER.local,NODE_00,60,100.0,28.88,29.00,28.9375,0.0199
2026-10-04,13:18:11,HZ-NODE-01.local,NODE_01,30,50.0,29.00,29.06,29.0125,0.0254
2026-10-04,13:18:11,HZ-NODE-02.local,NODE_02,29,48.3,28.88,29.00,28.9418,0.0286
2026-10-04,13:18:11,HZ-NODE-03.local,NODE_03,30,50.0,29.00,29.12,29.0562,0.0252
2026-10-04,13:18:11,HZ-NODE-04.local,NODE_04,0,0.0,--.--,--.--,--.----,--.----
2026-10-04,13:18:11,HZ-NODE-05.local,NODE_05,0,0.0,--.--,--.--,--.----,--.----
2026-10-04,13:18:11,HZ-NODE-06.local,NODE_06,0,0.0,--.--,--.--,--.----,--.----
2026-10-04,13:18:11,HZ-NODE-07.local,NODE_07,0,0.0,--.--,--.--,--.----,--.----
2026-10-04,13:18:11,HZ-NODE-08.local,NODE_08,0,0.0,--.--,--.--,--.----,--.----
2026-10-04,13:18:11,HZ-NODE-09.local,NODE_09,0,0.0,--.--,--.--,--.----,--.----
2026-10-04,13:18:11,HZ-NODE-10.local,NODE_10,0,0.0,--.--,--.--,--.----,--.----
2026-10-04,13:18:11,HZ-NODE-11.local,NODE_11,0,0.0,--.--,--.--,--.----,--.----
2026-10-04,13:18:11,HZ-NODE-12.local,NODE_12,0,0.0,--.--,--.--,--.----,--.----
2026-10-04,13:18:11,HZ-NODE-13.local,NODE_13,0,0.0,--.--,--.--,--.----,--.----
2026-10-04,13:18:11,HZ-NODE-14.local,NODE_14,0,0.0,--.--,--.--,--.----,--.----
2026-10-04,13:18:11,HZ-NODE-15.local,NODE_15,0,0.0,--.--,--.--,--.----,--.----
2026-10-04,13:19:11,HZ-SERVER.local,NODE_00,60,100.0,28.88,29.00,28.9792,0.0319
2026-10-04,13:19:11,HZ-NODE-01.local,NODE_01,29,48.3,29.00,29.12,29.0409,0.0345
2026-10-04,13:19:11,HZ-NODE-02.local,NODE_02,30,50.0,28.94,29.00,28.9750,0.0311
2026-10-04,13:19:11,HZ-NODE-03.local,NODE_03,29,48.3,29.00,29.12,29.0841,0.0345
2026-10-04,13:19:11,HZ-NODE-04.local,NODE_04,0,0.0,--.--,--.--,--.----,--.----
2026-10-04,13:19:11,HZ-NODE-05.local,NODE_05,0,0.0,--.--,--.--,--.----,--.----
2026-10-04,13:19:11,HZ-NODE-06.local,NODE_06,0,0.0,--.--,--.--,--.----,--.----
2026-10-04,13:19:11,HZ-NODE-07.local,NODE_07,0,0.0,--.--,--.--,--.----,--.----
2026-10-04,13:19:11,HZ-NODE-08.local,NODE_08,0,0.0,--.--,--.--,--.----,--.----
2026-10-04,13:19:11,HZ-NODE-09.local,NODE_09,0,0.0,--.--,--.--,--.----,--.----
2026-10-04,13:19:11,HZ-NODE-10.local,NODE_10,0,0.0,--.--,--.--,--.----,--.----
2026-10-04,13:19:11,HZ-NODE-11.local,NODE_11,0,0.0,--.--,--.--,--.----,--.----
2026-10-04,13:19:11,HZ-NODE-12.local,NODE_12,0,0.0,--.--,--.--,--.----,--.----
2026-10-04,13:19:11,HZ-NODE-13.local,NODE_13,0,0.0,--.--,--.--,--.----,--.----
2026-10-04,13:19:11,HZ-NODE-14.local,NODE_14,0,0.0,--.--,--.--,--.----,--.----
2026-10-04,13:19:11,HZ-NODE-15.local,NODE_15,0,0.0,--.--,--.--,--.----,--.----
2026-10-04,13:20:11,HZ-SERVER.local,NODE_00,60,100.0,28.94,29.06,28.9760,0.0327
2026-10-04,13:20:11,HZ-NODE-01.local,NODE_01,30,50.0,29.00,29.12,29.0437,0.0334
2026-10-04,13:20:11,HZ-NODE-02.local,NODE_02,29,48.3,28.94,29.00,28.9806,0.0294
2026-10-04,13:20:11,HZ-NODE-03.local,NODE_03,30,50.0,29.06,29.12,29.1062,0.0291
2026-10-04,13:20:11,HZ-NODE-04.local,NODE_04,0,0.0,--.--,--.--,--.----,--.----
2026-10-04,13:20:11,HZ-NODE-05.local,NODE_05,0,0.0,--.--,--.--,--.----,--.----
2026-10-04,13:20:11,HZ-NODE-06.local,NODE_06,0,0.0,--.--,--.--,--.----,--.----
2026-10-04,13:20:11,HZ-NODE-07.local,NODE_07,0,0.0,--.--,--.--,--.----,--.----
2026-10-04,13:20:11,HZ-NODE-08.local,NODE_08,0,0.0,--.--,--.--,--.----,--.----
2026-10-04,13:20:11,HZ-NODE-09.local,NODE_09,0,0.0,--.--,--.--,--.----,--.----
2026-10-04,13:20:11,HZ-NODE-10.local,NODE_10,0,0.0,--.--,--.--,--.----,--.----
2026-10-04,13:20:11,HZ-NODE-11.local,NODE_11,0,0.0,--.--,--.--,--.----,--.----
2026-10-04,13:20:11,HZ-NODE-12.local,NODE_12,0,0.0,--.--,--.--,--.----,--.----
2026-10-04,13:20:11,HZ-NODE-13.local,NODE_13,0,0.0,--.--,--.--,--.----,--.----
2026-10-04,13:20:11,HZ-NODE-14.local,NODE_14,0,0.0,--.--,--.--,--.----,--.----
2026-10-04,13:20:11,HZ-NODE-15.local,NODE_15,0,0.0,--.--,--.--,--.----,--.----
2026-10-04,13:21:11,HZ-SERVER.local,NODE_00,60,100.0,28.94,29.06,28.9823,0.0383
2026-10-04,13:21:11,HZ-NODE-01.local,NODE_01,29,48.3,29.00,29.12,29.0474,0.0319
2026-10-04,13:21:11,HZ-NODE-02.local,NODE_02,30,50.0,28.94,29.06,28.9792,0.0413
2026-10-04,13:21:11,HZ-NODE-03.local,NODE_03,29,48.3,29.06,29.12,29.1013,0.0309
2026-10-04,13:21:11,HZ-NODE-04.local,NODE_04,0,0.0,--.--,--.--,--.----,--.----
2026-10-04,13:21:11,HZ-NODE-05.local,NODE_05,0,0.0,--.--,--.--,--.----,--.----
2026-10-04,13:21:11,HZ-NODE-06.local,NODE_06,0,0.0,--.--,--.--,--.----,--.----
2026-10-04,13:21:11,HZ-NODE-07.local,NODE_07,0,0.0,--.--,--.--,--.----,--.----
2026-10-04,13:21:11,HZ-NODE-08.local,NODE_08,0,0.0,--.--,--.--,--.----,--.----
2026-10-04,13:21:11,HZ-NODE-09.local,NODE_09,0,0.0,--.--,--.--,--.----,--.----
2026-10-04,13:21:11,HZ-NODE-10.local,NODE_10,0,0.0,--.--,--.--,--.----,--.----
2026-10-04,13:21:11,HZ-NODE-11.local,NODE_11,0,0.0,--.--,--.--,--.----,--.----
2026-10-04,13:21:11,HZ-NODE-12.local,NODE_12,0,0.0,--.--,--.--,--.----,--.----
2026-10-04,13:21:11,HZ-NODE-13.local,NODE_13,0,0.0,--.--,--.--,--.----,--.----
2026-10-04,13:21:11,HZ-NODE-14.local,NODE_14,0,0.0,--.--,--.--,--.----,--.----
2026-10-04,13:21:11,HZ-NODE-15.local,NODE_15,0,0.0,--.--,--.--,--.----,--.----
2026-10-04,13:22:11,HZ-SERVER.local,NODE_00,60,100.0,28.94,29.06,29.0042,0.0279
2026-10-04,13:22:11,HZ-NODE-01.local,NODE_01,30,50.0,29.06,29.12,29.0854,0.0306
2026-10-04,13:22:11,HZ-NODE-02.local,NODE_02,29,48.3,29.00,29.06,29.0151,0.0272
2026-10-04,13:22:11,HZ-NODE-03.local,NODE_03,30,50.0,29.12,29.19,29.1396,0.0269
2026-10-04,13:22:11,HZ-NODE-04.local,NODE_04,0,0.0,--.--,--.--,--.----,--.----
2026-10-04,13:22:11,HZ-NODE-05.local,NODE_05,0,0.0,--.--,--.--,--.----,--.----
2026-10-04,13:22:11,HZ-NODE-06.local,NODE_06,0,0.0,--.--,--.--,--.----,--.----
2026-10-04,13:22:11,HZ-NODE-07.local,NODE_07,0,0.0,--.--,--.--,--.----,--.----
2026-10-04,13:22:11,HZ-NODE-08.local,NODE_08,0,0.0,--.--,--.--,--.----,--.----
2026-10-04,13:22:11,HZ-NODE-09.local,NODE_09,0,0.0,--.--,--.--,--.----,--.----
2026-10-04,13:22:11,HZ-NODE-10.local,NODE_10,0,0.0,--.--,--.--,--.----,--.----
2026-10-04,13:22:11,HZ-NODE-11.local,NODE_11,0,0.0,--.--,--.--,--.----,--.----
2026-10-04,13:22:11,HZ-NODE-12.local,NODE_12,0,0.0,--.--,--.--,--.----,--.----
2026-10-04,13:22:11,HZ-NODE-13.local,NODE_13,0,0.0,--.--,--.--,--.----,--.----
2026-10-04,13:22:11,HZ-NODE-14.local,NODE_14,0,0.0,--.--,--.--,--.----,--.----
2026-10-04,13:22:11,HZ-NODE-15.local,NODE_15,0,0.0,--.--,--.--,--.----,--.----
2026-10-04,13:23:11,HZ-SERVER.local,NODE_00,60,100.0,28.94,29.06,29.0031,0.0213
2026-10-04,13:23:11,HZ-NODE-01.local,NODE_01,29,48.3,29.00,29.12,29.0797,0.0330
2026-10-04,13:23:11,HZ-NODE-02.local,NODE_02,30,50.0,29.00,29.06,29.0167,0.0281
2026-10-04,13:23:11,HZ-NODE-03.local,NODE_03,29,48.3,29.06,29.19,29.1250,0.0236
2026-10-04,13:23:11,HZ-NODE-04.local,NODE_04,0,0.0,--.--,--.--,--.----,--.----
2026-10-04,13:23:11,HZ-NODE-05.local,NODE_05,0,0.0,--.--,--.--,--.----,--.----
2026-10-04,13:23:11,HZ-NODE-06.local,NODE_06,0,0.0,--.--,--.--,--.----,--.----
2026-10-04,13:23:11,HZ-NODE-07.local,NODE_07,0,0.0,--.--,--.--,--.----,--.----
2026-10-04,13:23:11,HZ-NODE-08.local,NODE_08,0,0.0,--.--,--.--,--.----,--.----
2026-10-04,13:23:11,HZ-NODE-09.local,NODE_09,0,0.0,--.--,--.--,--.----,--.----
2026-10-04,13:23:11,HZ-NODE-10.local,NODE_10,0,0.0,--.--,--.--,--.----,--.----
2026-10-04,13:23:11,HZ-NODE-11.local,NODE_11,0,0.0,--.--,--.--,--.----,--.----
2026-10-04,13:23:11,HZ-NODE-12.local,NODE_12,0,0.0,--.--,--.--,--.----,--.----
2026-10-04,13:23:11,HZ-NODE-13.local,NODE_13,0,0.0,--.--,--.--,--.----,--.----
2026-10-04,13:23:11,HZ-NODE-14.local,NODE_14,0,0.0,--.--,--.--,--.----,--.----
2026-10-04,13:23:11,HZ-NODE-15.local,NODE_15,0,0.0,--.--,--.--,--.----,--.----
2026-10-04,13:24:11,HZ-SERVER.local,NODE_00,60,100.0,29.00,29.06,29.0260,0.0311
2026-10-04,13:24:11,HZ-NODE-01.local,NODE_01,30,50.0,29.06,29.12,29.0938,0.0318
2026-10-04,13:24:11,HZ-NODE-02.local,NODE_02,30,50.0,29.00,29.06,29.0208,0.0300
2026-10-04,13:24:11,HZ-NODE-03.local,NODE_03,29,48.3,29.12,29.19,29.1401,0.0272
2026-10-04,13:24:11,HZ-NODE-04.local,NODE_04,0,0.0,--.--,--.--,--.----,--.----
2026-10-04,13:24:11,HZ-NODE-05.local,NODE_05,0,0.0,--.--,--.--,--.----,--.----
2026-10-04,13:24:11,HZ-NODE-06.local,NODE_06,0,0.0,--.--,--.--,--.----,--.----
2026-10-04,13:24:11,HZ-NODE-07.local,NODE_07,0,0.0,--.--,--.--,--.----,--.----
2026-10-04,13:24:11,HZ-NODE-08.local,NODE_08,0,0.0,--.--,--.--,--.----,--.----
2026-10-04,13:24:11,HZ-NODE-09.local,NODE_09,0,0.0,--.--,--.--,--.----,--.----
2026-10-04,13:24:11,HZ-NODE-10.local,NODE_10,0,0.0,--.--,--.--,--.----,--.----
2026-10-04,13:24:11,HZ-NODE-11.local,NODE_11,0,0.0,--.--,--.--,--.----,--.----
2026-10-04,13:24:11,HZ-NODE-12.local,NODE_12,0,0.0,--.--,--.--,--.----,--.----
2026-10-04,13:24:11,HZ-NODE-13.local,NODE_13,0,0.0,--.--,--.--,--.----,--.----
2026-10-04,13:24:11,HZ-NODE-14.local,NODE_14,0,0.0,--.--,--.--,--.----,--.----
2026-10-04,13:24:11,HZ-NODE-15.local,NODE_15,0,0.0,--.--,--.--,--.----,--.----
2026-10-04,13:25:11,HZ-SERVER.local,NODE_00,60,100.0,29.00,29.06,29.0396,0.0304
2026-10-04,13:25:11,HZ-NODE-01.local,NODE_01,29,48.3,29.06,29.19,29.1185,0.0256
2026-10-04,13:25:11,HZ-NODE-02.local,NODE_02,29,48.3,29.00,29.12,29.0474,0.0319
2026-10-04,13:25:11,HZ-NODE-03.local,NODE_03,29,48.3,29.12,29.19,29.1530,0.0316
2026-10-04,13:25:11,HZ-NODE-04.local,NODE_04,0,0.0,--.--,--.--,--.----,--.----
2026-10-04,13:25:11,HZ-NODE-05.local,NODE_05,0,0.0,--.--,--.--,--.----,--.----
2026-10-04,13:25:11,HZ-NODE-06.local,NODE_06,0,0.0,--.--,--.--,--.----,--.----
2026-10-04,13:25:11,HZ-NODE-07.local,NODE_07,0,0.0,--.--,--.--,--.----,--.----
2026-10-04,13:25:11,HZ-NODE-08.local,NODE_08,0,0.0,--.--,--.--,--.----,--.----
2026-10-04,13:25:11,HZ-NODE-09.local,NODE_09,0,0.0,--.--,--.--,--.----,--.----
2026-10-04,13:25:11,HZ-NODE-10.local,NODE_10,0,0.0,--.--,--.--,--.----,--.----
2026-10-04,13:25:11,HZ-NODE-11.local,NODE_11,0,0.0,--.--,--.--,--.----,--.----
2026-10-04,13:25:11,HZ-NODE-12.local,NODE_12,0,0.0,--.--,--.--,--.----,--.----
2026-10-04,13:25:11,HZ-NODE-13.local,NODE_13,0,0.0,--.--,--.--,--.----,--.----
2026-10-04,13:25:11,HZ-NODE-14.local,NODE_14,0,0.0,--.--,--.--,--.----,--.----
2026-10-04,13:25:11,HZ-NODE-15.local,NODE_15,0,0.0,--.--,--.--,--.----,--.----
2026-10-04,13:26:11,HZ-SERVER.local,NODE_00,60,100.0,29.00,29.06,29.0344,0.0314
2026-10-04,13:26:11,HZ-NODE-01.local,NODE_01,30,50.0,29.06,29.19,29.1208,0.0281
2026-10-04,13:26:11,HZ-NODE-02.local,NODE_02,30,50.0,29.00,29.06,29.0438,0.0291
2026-10-04,13:26:11,HZ-NODE-03.local,NODE_03,30,50.0,29.12,29.19,29.1438,0.0291
2026-10-04,13:26:11,HZ-NODE-04.local,NODE_04,0,0.0,--.--,--.--,--.----,--.----
2026-10-04,13:26:11,HZ-NODE-05.local,NODE_05,0,0.0,--.--,--.--,--.----,--.----
2026-10-04,13:26:11,HZ-NODE-06.local,NODE_06,0,0.0,--.--,--.--,--.----,--.----
2026-10-04,13:26:11,HZ-NODE-07.local,NODE_07,0,0.0,--.--,--.--,--.----,--.----
2026-10-04,13:26:11,HZ-NODE-08.local,NODE_08,0,0.0,--.--,--.--,--.----,--.----
2026-10-04,13:26:11,HZ-NODE-09.local,NODE_09,0,0.0,--.--,--.--,--.----,--.----
2026-10-04,13:26:11,HZ-NODE-10.local,NODE_10,0,0.0,--.--,--.--,--.----,--.----
2026-10-04,13:26:11,HZ-NODE-11.local,NODE_11,0,0.0,--.--,--.--,--.----,--.----
2026-10-04,13:26:11,HZ-NODE-12.local,NODE_12,0,0.0,--.--,--.--,--.----,--.----
2026-10-04,13:26:11,HZ-NODE-13.local,NODE_13,0,0.0,--.--,--.--,--.----,--.----
2026-10-04,13:26:11,HZ-NODE-14.local,NODE_14,0,0.0,--.--,--.--,--.----,--.----
2026-10-04,13:26:11,HZ-NODE-15.local,NODE_15,0,0.0,--.--,--.--,--.----,--.----
2026-10-04,13:27:11,HZ-SERVER.local,NODE_00,60,100.0,29.00,29.12,29.0542,0.0354
2026-10-04,13:27:11,HZ-NODE-01.local,NODE_01,29,48.3,29.06,29.19,29.1078,0.0370
2026-10-04,13:27:11,HZ-NODE-02.local,NODE_02,29,48.3,29.00,29.12,29.0539,0.0400
2026-10-04,13:27:11,HZ-NODE-03.local,NODE_03,30,50.0,29.06,29.25,29.1417,0.0491
2026-10-04,13:27:11,HZ-NODE-04.local,NODE_04,0,0.0,--.--,--.--,--.----,--.----
2026-10-04,13:27:11,HZ-NODE-05.local,NODE_05,0,0.0,--.--,--.--,--.----,--.----
2026-10-04,13:27:11,HZ-NODE-06.local,NODE_06,0,0.0,--.--,--.--,--.----,--.----
2026-10-04,13:27:11,HZ-NODE-07.local,NODE_07,0,0.0,--.--,--.--,--.----,--.----
2026-10-04,13:27:11,HZ-NODE-08.local,NODE_08,0,0.0,--.--,--.--,--.----,--.----
2026-10-04,13:27:11,HZ-NODE-09.local,NODE_09,0,0.0,--.--,--.--,--.----,--.----
2026-10-04,13:27:11,HZ-NODE-10.local,NODE_10,0,0.0,--.--,--.--,--.----,--.----
2026-10-04,13:27:11,HZ-NODE-11.local,NODE_11,0,0.0,--.--,--.--,--.----,--.----
2026-10-04,13:27:11,HZ-NODE-12.local,NODE_12,0,0.0,--.--,--.--,--.----,--.----
2026-10-04,13:27:11,HZ-NODE-13.local,NODE_13,0,0.0,--.--,--.--,--.----,--.----
2026-10-04,13:27:11,HZ-NODE-14.local,NODE_14,0,0.0,--.--,--.--,--.----,--.----
2026-10-04,13:27:11,HZ-NODE-15.local,NODE_15,0,0.0,--.--,--.--,--.----,--.----
2026-10-04,13:28:11,HZ-SERVER.local,NODE_00,60,100.0,29.06,29.12,29.0927,0.0315
2026-10-04,13:28:11,HZ-NODE-01.local,NODE_01,30,50.0,29.12,29.19,29.1750,0.0254
2026-10-04,13:28:11,HZ-NODE-02.local,NODE_02,30,50.0,29.06,29.12,29.1042,0.0300
2026-10-04,13:28:11,HZ-NODE-03.local,NODE_03,6,10.0,29.19,29.25,29.2083,0.0323
2026-10-04,13:28:11,HZ-NODE-04.local,NODE_04,0,0.0,--.--,--.--,--.----,--.----
2026-10-04,13:28:11,HZ-NODE-05.local,NODE_05,0,0.0,--.--,--.--,--.----,--.----
2026-10-04,13:28:11,HZ-NODE-06.local,NODE_06,0,0.0,--.--,--.--,--.----,--.----
2026-10-04,13:28:11,HZ-NODE-07.local,NODE_07,0,0.0,--.--,--.--,--.----,--.----
2026-10-04,13:28:11,HZ-NODE-08.local,NODE_08,0,0.0,--.--,--.--,--.----,--.----
2026-10-04,13:28:11,HZ-NODE-09.local,NODE_09,0,0.0,--.--,--.--,--.----,--.----
2026-10-04,13:28:11,HZ-NODE-10.local,NODE_10,0,0.0,--.--,--.--,--.----,--.----
2026-10-04,13:28:11,HZ-NODE-11.local,NODE_11,0,0.0,--.--,--.--,--.----,--.----
2026-10-04,13:28:11,HZ-NODE-12.local,NODE_12,0,0.0,--.--,--.--,--.----,--.----
2026-10-04,13:28:11,HZ-NODE-13.local,NODE_13,0,0.0,--.--,--.--,--.----,--.----
2026-10-04,13:28:11,HZ-NODE-14.local,NODE_14,0,0.0,--.--,--.--,--.----,--.----
2026-10-04,13:28:11,HZ-NODE-15.local,NODE_15,0,0.0,--.--,--.--,--.----,--.----
2026-10-04,13:29:12,HZ-SERVER.local,NODE_00,60,100.0,29.06,29.19,29.1042,0.0339
2026-10-04,13:29:12,HZ-NODE-01.local,NODE_01,30,50.0,29.12,29.19,29.1833,0.0159
2026-10-04,13:29:12,HZ-NODE-02.local,NODE_02,29,48.3,29.06,29.19,29.1272,0.0312
2026-10-04,13:29:12,HZ-NODE-03.local,NODE_03,0,0.0,--.--,--.--,--.----,--.----
2026-10-04,13:29:12,HZ-NODE-04.local,NODE_04,0,0.0,--.--,--.--,--.----,--.----
2026-10-04,13:29:12,HZ-NODE-05.local,NODE_05,0,0.0,--.--,--.--,--.----,--.----
2026-10-04,13:29:12,HZ-NODE-06.local,NODE_06,0,0.0,--.--,--.--,--.----,--.----
2026-10-04,13:29:12,HZ-NODE-07.local,NODE_07,0,0.0,--.--,--.--,--.----,--.----
2026-10-04,13:29:12,HZ-NODE-08.local,NODE_08,25,41.7,29.19,29.25,29.2075,0.0298
2026-10-04,13:29:12,HZ-NODE-09.local,NODE_09,0,0.0,--.--,--.--,--.----,--.----
2026-10-04,13:29:12,HZ-NODE-10.local,NODE_10,0,0.0,--.--,--.--,--.----,--.----
2026-10-04,13:29:12,HZ-NODE-11.local,NODE_11,0,0.0,--.--,--.--,--.----,--.----
2026-10-04,13:29:12,HZ-NODE-12.local,NODE_12,0,0.0,--.--,--.--,--.----,--.----
2026-10-04,13:29:12,HZ-NODE-13.local,NODE_13,0,0.0,--.--,--.--,--.----,--.----
2026-10-04,13:29:12,HZ-NODE-14.local,NODE_14,0,0.0,--.--,--.--,--.----,--.----
2026-10-04,13:29:12,HZ-NODE-15.local,NODE_15,0,0.0,--.--,--.--,--.----,--.----
2026-10-04,13:30:12,HZ-SERVER.local,NODE_00,60,100.0,29.06,29.19,29.1271,0.0161
2026-10-04,13:30:12,HZ-NODE-01.local,NODE_01,29,48.3,29.12,29.25,29.1961,0.0363
2026-10-04,13:30:12,HZ-NODE-02.local,NODE_02,30,50.0,29.12,29.19,29.1354,0.0237
2026-10-04,13:30:12,HZ-NODE-03.local,NODE_03,0,0.0,--.--,--.--,--.----,--.----
2026-10-04,13:30:12,HZ-NODE-04.local,NODE_04,0,0.0,--.--,--.--,--.----,--.----
2026-10-04,13:30:12,HZ-NODE-05.local,NODE_05,0,0.0,--.--,--.--,--.----,--.----
2026-10-04,13:30:12,HZ-NODE-06.local,NODE_06,0,0.0,--.--,--.--,--.----,--.----
2026-10-04,13:30:12,HZ-NODE-07.local,NODE_07,0,0.0,--.--,--.--,--.----,--.----
2026-10-04,13:30:12,HZ-NODE-08.local,NODE_08,30,50.0,29.19,29.25,29.2417,0.0216
2026-10-04,13:30:12,HZ-NODE-09.local,NODE_09,0,0.0,--.--,--.--,--.----,--.----
2026-10-04,13:30:12,HZ-NODE-10.local,NODE_10,0,0.0,--.--,--.--,--.----,--.----
2026-10-04,13:30:12,HZ-NODE-11.local,NODE_11,0,0.0,--.--,--.--,--.----,--.----
2026-10-04,13:30:12,HZ-NODE-12.local,NODE_12,0,0.0,--.--,--.--,--.----,--.----
2026-10-04,13:30:12,HZ-NODE-13.local,NODE_13,0,0.0,--.--,--.--,--.----,--.----
2026-10-04,13:30:12,HZ-NODE-14.local,NODE_14,0,0.0,--.--,--.--,--.----,--.----
2026-10-04,13:30:12,HZ-NODE-15.local,NODE_15,0,0.0,--.--,--.--,--.----,--.----
2026-10-04,13:31:12,HZ-SERVER.local,NODE_00,60,100.0,29.12,29.19,29.1458,0.0297
2026-10-04,13:31:12,HZ-NODE-01.local,NODE_01,30,50.0,29.19,29.25,29.2104,0.0306
2026-10-04,13:31:12,HZ-NODE-02.local,NODE_02,29,48.3,29.12,29.19,29.1595,0.0316
2026-10-04,13:31:12,HZ-NODE-03.local,NODE_03,0,0.0,--.--,--.--,--.----,--.----
2026-10-04,13:31:12,HZ-NODE-04.local,NODE_04,0,0.0,--.--,--.--,--.----,--.----
2026-10-04,13:31:12,HZ-NODE-05.local,NODE_05,0,0.0,--.--,--.--,--.----,--.----
2026-10-04,13:31:12,HZ-NODE-06.local,NODE_06,0,0.0,--.--,--.--,--.----,--.----
2026-10-04,13:31:12,HZ-NODE-07.local,NODE_07,0,0.0,--.--,--.--,--.----,--.----
2026-10-04,13:31:12,HZ-NODE-08.local,NODE_08,28,46.7,29.19,29.31,29.2589,0.0280
2026-10-04,13:31:12,HZ-NODE-09.local,NODE_09,0,0.0,--.--,--.--,--.----,--.----
2026-10-04,13:31:12,HZ-NODE-10.local,NODE_10,0,0.0,--.--,--.--,--.----,--.----
2026-10-04,13:31:12,HZ-NODE-11.local,NODE_11,0,0.0,--.--,--.--,--.----,--.----
2026-10-04,13:31:12,HZ-NODE-12.local,NODE_12,0,0.0,--.--,--.--,--.----,--.----
2026-10-04,13:31:12,HZ-NODE-13.local,NODE_13,0,0.0,--.--,--.--,--.----,--.----
2026-10-04,13:31:12,HZ-NODE-14.local,NODE_14,0,0.0,--.--,--.--,--.----,--.----
2026-10-04,13:31:12,HZ-NODE-15.local,NODE_15,0,0.0,--.--,--.--,--.----,--.----
2026-10-04,13:32:12,HZ-SERVER.local,NODE_00,60,100.0,29.12,29.25,29.1708,0.0302
2026-10-04,13:32:12,HZ-NODE-01.local,NODE_01,29,48.3,29.19,29.31,29.2349,0.0397
2026-10-04,13:32:12,HZ-NODE-02.local,NODE_02,30,50.0,29.12,29.25,29.1729,0.0355
2026-10-04,13:32:12,HZ-NODE-03.local,NODE_03,0,0.0,--.--,--.--,--.----,--.----
2026-10-04,13:32:12,HZ-NODE-04.local,NODE_04,0,0.0,--.--,--.--,--.----,--.----
2026-10-04,13:32:12,HZ-NODE-05.local,NODE_05,0,0.0,--.--,--.--,--.----,--.----
2026-10-04,13:32:12,HZ-NODE-06.local,NODE_06,0,0.0,--.--,--.--,--.----,--.----
2026-10-04,13:32:12,HZ-NODE-07.local,NODE_07,0,0.0,--.--,--.--,--.----,--.----
2026-10-04,13:32:12,HZ-NODE-08.local,NODE_08,30,50.0,29.25,29.31,29.2792,0.0317
2026-10-04,13:32:12,HZ-NODE-09.local,NODE_09,0,0.0,--.--,--.--,--.----,--.----
2026-10-04,13:32:12,HZ-NODE-10.local,NODE_10,0,0.0,--.--,--.--,--.----,--.----
2026-10-04,13:32:12,HZ-NODE-11.local,NODE_11,0,0.0,--.--,--.--,--.----,--.----
2026-10-04,13:32:12,HZ-NODE-12.local,NODE_12,0,0.0,--.--,--.--,--.----,--.----
2026-10-04,13:32:12,HZ-NODE-13.local,NODE_13,0,0.0,--.--,--.--,--.----,--.----
2026-10-04,13:32:12,HZ-NODE-14.local,NODE_14,0,0.0,--.--,--.--,--.----,--.----
2026-10-04,13:32:12,HZ-NODE-15.local,NODE_15,0,0.0,--.--,--.--,--.----,--.----
2026-10-04,13:33:12,HZ-SERVER.local,NODE_00,60,100.0,29.12,29.25,29.1740,0.0347
2026-10-04,13:33:12,HZ-NODE-01.local,NODE_01,30,50.0,29.19,29.31,29.2604,0.0332
2026-10-04,13:33:12,HZ-NODE-02.local,NODE_02,29,48.3,29.12,29.19,29.1703,0.0284
2026-10-04,13:33:12,HZ-NODE-03.local,NODE_03,0,0.0,--.--,--.--,--.----,--.----
2026-10-04,13:33:12,HZ-NODE-04.local,NODE_04,0,0.0,--.--,--.--,--.----,--.----
2026-10-04,13:33:12,HZ-NODE-05.local,NODE_05,0,0.0,--.--,--.--,--.----,--.----
2026-10-04,13:33:12,HZ-NODE-06.local,NODE_06,0,0.0,--.--,--.--,--.----,--.----
2026-10-04,13:33:12,HZ-NODE-07.local,NODE_07,0,0.0,--.--,--.--,--.----,--.----
2026-10-04,13:33:12,HZ-NODE-08.local,NODE_08,30,50.0,29.19,29.31,29.2583,0.0271
2026-10-04,13:33:12,HZ-NODE-09.local,NODE_09,0,0.0,--.--,--.--,--.----,--.----
2026-10-04,13:33:12,HZ-NODE-10.local,NODE_10,0,0.0,--.--,--.--,--.----,--.----
2026-10-04,13:33:12,HZ-NODE-11.local,NODE_11,0,0.0,--.--,--.--,--.----,--.----
2026-10-04,13:33:12,HZ-NODE-12.local,NODE_12,0,0.0,--.--,--.--,--.----,--.----
2026-10-04,13:33:12,HZ-NODE-13.local,NODE_13,0,0.0,--.--,--.--,--.----,--.----
2026-10-04,13:33:12,HZ-NODE-14.local,NODE_14,0,0.0,--.--,--.--,--.----,--.----
2026-10-04,13:33:12,HZ-NODE-15.local,NODE_15,0,0.0,--.--,--.--,--.----,--.----
2026-10-04,13:34:12,HZ-SERVER.local,NODE_00,60,100.0,29.06,29.19,29.1344,0.0278
2026-10-04,13:34:12,HZ-NODE-01.local,NODE_01,29,48.3,29.19,29.25,29.2349,0.0272
2026-10-04,13:34:12,HZ-NODE-02.local,NODE_02,30,50.0,29.12,29.19,29.1625,0.0311
2026-10-04,13:34:12,HZ-NODE-03.local,NODE_03,0,0.0,--.--,--.--,--.----,--.----
2026-10-04,13:34:12,HZ-NODE-04.local,NODE_04,0,0.0,--.--,--.--,--.----,--.----
2026-10-04,13:34:12,HZ-NODE-05.local,NODE_05,0,0.0,--.--,--.--,--.----,--.----
2026-10-04,13:34:12,HZ-NODE-06.local,NODE_06,0,0.0,--.--,--.--,--.----,--.----
2026-10-04,13:34:12,HZ-NODE-07.local,NODE_07,0,0.0,--.--,--.--,--.----,--.----
2026-10-04,13:34:12,HZ-NODE-08.local,NODE_08,29,48.3,29.25,29.31,29.2608,0.0240
2026-10-04,13:34:12,HZ-NODE-09.local,NODE_09,0,0.0,--.--,--.--,--.----,--.----
2026-10-04,13:34:12,HZ-NODE-10.local,NODE_10,0,0.0,--.--,--.--,--.----,--.----
2026-10-04,13:34:12,HZ-NODE-11.local,NODE_11,0,0.0,--.--,--.--,--.----,--.----
2026-10-04,13:34:12,HZ-NODE-12.local,NODE_12,0,0.0,--.--,--.--,--.----,--.----
2026-10-04,13:34:12,HZ-NODE-13.local,NODE_13,0,0.0,--.--,--.--,--.----,--.----
2026-10-04,13:34:12,HZ-NODE-14.local,NODE_14,0,0.0,--.--,--.--,--.----,--.----
2026-10-04,13:34:12,HZ-NODE-15.local,NODE_15,0,0.0,--.--,--.--,--.----,--.----
2026-10-04,13:35:12,HZ-SERVER.local,NODE_00,60,100.0,29.12,29.19,29.1438,0.0289
2026-10-04,13:35:12,HZ-NODE-01.local,NODE_01,30,50.0,29.19,29.25,29.2375,0.0254
2026-10-04,13:35:12,HZ-NODE-02.local,NODE_02,30,50.0,29.12,29.19,29.1542,0.0317
2026-10-04,13:35:12,HZ-NODE-03.local,NODE_03,0,0.0,--.--,--.--,--.----,--.----
2026-10-04,13:35:12,HZ-NODE-04.local,NODE_04,0,0.0,--.--,--.--,--.----,--.----
2026-10-04,13:35:12,HZ-NODE-05.local,NODE_05,0,0.0,--.--,--.--,--.----,--.----
2026-10-04,13:35:12,HZ-NODE-06.local,NODE_06,0,0.0,--.--,--.--,--.----,--.----
2026-10-04,13:35:12,HZ-NODE-07.local,NODE_07,0,0.0,--.--,--.--,--.----,--.----
2026-10-04,13:35:12,HZ-NODE-08.local,NODE_08,30,50.0,29.19,29.31,29.2646,0.0315
2026-10-04,13:35:12,HZ-NODE-09.local,NODE_09,0,0.0,--.--,--.--,--.----,--.----
2026-10-04,13:35:12,HZ-NODE-10.local,NODE_10,0,0.0,--.--,--.--,--.----,--.----
2026-10-04,13:35:12,HZ-NODE-11.local,NODE_11,0,0.0,--.--,--.--,--.----,--.----
2026-10-04,13:35:12,HZ-NODE-12.local,NODE_12,0,0.0,--.--,--.--,--.----,--.----
2026-10-04,13:35:12,HZ-NODE-13.local,NODE_13,0,0.0,--.--,--.--,--.----,--.----
2026-10-04,13:35:12,HZ-NODE-14.local,NODE_14,0,0.0,--.--,--.--,--.----,--.----
2026-10-04,13:35:12,HZ-NODE-15.local,NODE_15,0,0.0,--.--,--.--,--.----,--.----
2026-10-04,13:36:12,HZ-SERVER.local,NODE_00,60,100.0,29.12,29.19,29.1375,0.0252
2026-10-04,13:36:12,HZ-NODE-01.local,NODE_01,29,48.3,29.19,29.25,29.2177,0.0318
2026-10-04,13:36:12,HZ-NODE-02.local,NODE_02,29,48.3,29.12,29.19,29.1638,0.0309
2026-10-04,13:36:12,HZ-NODE-03.local,NODE_03,0,0.0,--.--,--.--,--.----,--.----
2026-10-04,13:36:12,HZ-NODE-04.local,NODE_04,0,0.0,--.--,--.--,--.----,--.----
2026-10-04,13:36:12,HZ-NODE-05.local,NODE_05,0,0.0,--.--,--.--,--.----,--.----
2026-10-04,13:36:12,HZ-NODE-06.local,NODE_06,0,0.0,--.--,--.--,--.----,--.----
2026-10-04,13:36:12,HZ-NODE-07.local,NODE_07,0,0.0,--.--,--.--,--.----,--.----
2026-10-04,13:36:12,HZ-NODE-08.local,NODE_08,29,48.3,29.25,29.31,29.2586,0.0219
2026-10-04,13:36:12,HZ-NODE-09.local,NODE_09,0,0.0,--.--,--.--,--.----,--.----
2026-10-04,13:36:12,HZ-NODE-10.local,NODE_10,0,0.0,--.--,--.--,--.----,--.----
2026-10-04,13:36:12,HZ-NODE-11.local,NODE_11,0,0.0,--.--,--.--,--.----,--.----
2026-10-04,13:36:12,HZ-NODE-12.local,NODE_12,0,0.0,--.--,--.--,--.----,--.----
2026-10-04,13:36:12,HZ-NODE-13.local,NODE_13,0,0.0,--.--,--.--,--.----,--.----
2026-10-04,13:36:12,HZ-NODE-14.local,NODE_14,0,0.0,--.--,--.--,--.----,--.----
2026-10-04,13:36:12,HZ-NODE-15.local,NODE_15,0,0.0,--.--,--.--,--.----,--.----
2026-10-04,13:37:12,HZ-SERVER.local,NODE_00,60,100.0,29.12,29.19,29.1594,0.0314
2026-10-04,13:37:12,HZ-NODE-01.local,NODE_01,30,50.0,29.19,29.31,29.2375,0.0344
2026-10-04,13:37:12,HZ-NODE-02.local,NODE_02,30,50.0,29.19,29.25,29.1917,0.0159
2026-10-04,13:37:12,HZ-NODE-03.local,NODE_03,0,0.0,--.--,--.--,--.----,--.----
2026-10-04,13:37:12,HZ-NODE-04.local,NODE_04,0,0.0,--.--,--.--,--.----,--.----
2026-10-04,13:37:12,HZ-NODE-05.local,NODE_05,0,0.0,--.--,--.--,--.----,--.----
2026-10-04,13:37:12,HZ-NODE-06.local,NODE_06,0,0.0,--.--,--.--,--.----,--.----
2026-10-04,13:37:12,HZ-NODE-07.local,NODE_07,0,0.0,--.--,--.--,--.----,--.----
2026-10-04,13:37:12,HZ-NODE-08.local,NODE_08,30,50.0,29.25,29.31,29.2812,0.0318
2026-10-04,13:37:12,HZ-NODE-09.local,NODE_09,0,0.0,--.--,--.--,--.----,--.----
2026-10-04,13:37:12,HZ-NODE-10.local,NODE_10,0,0.0,--.--,--.--,--.----,--.----
2026-10-04,13:37:12,HZ-NODE-11.local,NODE_11,0,0.0,--.--,--.--,--.----,--.----
2026-10-04,13:37:12,HZ-NODE-12.local,NODE_12,0,0.0,--.--,--.--,--.----,--.----
2026-10-04,13:37:12,HZ-NODE-13.local,NODE_13,0,0.0,--.--,--.--,--.----,--.----
2026-10-04,13:37:12,HZ-NODE-14.local,NODE_14,0,0.0,--.--,--.--,--.----,--.----
2026-10-04,13:37:12,HZ-NODE-15.local,NODE_15,0,0.0,--.--,--.--,--.----,--.----
2026-10-04,13:38:12,HZ-SERVER.local,NODE_00,60,100.0,29.12,29.25,29.1635,0.0327
2026-10-04,13:38:12,HZ-NODE-01.local,NODE_01,29,48.3,29.25,29.31,29.2565,0.0194
2026-10-04,13:38:12,HZ-NODE-02.local,NODE_02,29,48.3,29.12,29.25,29.1897,0.0312
2026-10-04,13:38:12,HZ-NODE-03.local,NODE_03,0,0.0,--.--,--.--,--.----,--.----
2026-10-04,13:38:12,HZ-NODE-04.local,NODE_04,0,0.0,--.--,--.--,--.----,--.----
2026-10-04,13:38:12,HZ-NODE-05.local,NODE_05,0,0.0,--.--,--.--,--.----,--.----
2026-10-04,13:38:12,HZ-NODE-06.local,NODE_06,0,0.0,--.--,--.--,--.----,--.----
2026-10-04,13:38:12,HZ-NODE-07.local,NODE_07,0,0.0,--.--,--.--,--.----,--.----
2026-10-04,13:38:12,HZ-NODE-08.local,NODE_08,29,48.3,29.25,29.38,29.3017,0.0337
2026-10-04,13:38:12,HZ-NODE-09.local,NODE_09,0,0.0,--.--,--.--,--.----,--.----
2026-10-04,13:38:12,HZ-NODE-10.local,NODE_10,0,0.0,--.--,--.--,--.----,--.----
2026-10-04,13:38:12,HZ-NODE-11.local,NODE_11,0,0.0,--.--,--.--,--.----,--.----
2026-10-04,13:38:12,HZ-NODE-12.local,NODE_12,0,0.0,--.--,--.--,--.----,--.----
2026-10-04,13:38:12,HZ-NODE-13.local,NODE_13,0,0.0,--.--,--.--,--.----,--.----
2026-10-04,13:38:12,HZ-NODE-14.local,NODE_14,0,0.0,--.--,--.--,--.----,--.----
2026-10-04,13:38:12,HZ-NODE-15.local,NODE_15,0,0.0,--.--,--.--,--.----,--.----
2026-10-04,13:39:12,HZ-SERVER.local,NODE_00,60,100.0,29.12,29.25,29.1896,0.0256
2026-10-04,13:39:12,HZ-NODE-01.local,NODE_01,24,40.0,29.25,29.31,29.2760,0.0315
2026-10-04,13:39:12,HZ-NODE-02.local,NODE_02,30,50.0,29.19,29.25,29.2187,0.0318
2026-10-04,13:39:12,HZ-NODE-03.local,NODE_03,0,0.0,--.--,--.--,--.----,--.----
2026-10-04,13:39:12,HZ-NODE-04.local,NODE_04,0,0.0,--.--,--.--,--.----,--.----
2026-10-04,13:39:12,HZ-NODE-05.local,NODE_05,0,0.0,--.--,--.--,--.----,--.----
2026-10-04,13:39:12,HZ-NODE-06.local,NODE_06,0,0.0,--.--,--.--,--.----,--.----
2026-10-04,13:39:12,HZ-NODE-07.local,NODE_07,0,0.0,--.--,--.--,--.----,--.----
2026-10-04,13:39:12,HZ-NODE-08.local,NODE_08,30,50.0,29.25,29.38,29.3229,0.0288
2026-10-04,13:39:12,HZ-NODE-09.local,NODE_09,0,0.0,--.--,--.--,--.----,--.----
2026-10-04,13:39:12,HZ-NODE-10.local,NODE_10,0,0.0,--.--,--.--,--.----,--.----
2026-10-04,13:39:12,HZ-NODE-11.local,NODE_11,0,0.0,--.--,--.--,--.----,--.----
2026-10-04,13:39:12,HZ-NODE-12.local,NODE_12,0,0.0,--.--,--.--,--.----,--.----
2026-10-04,13:39:12,HZ-NODE-13.local,NODE_13,0,0.0,--.--,--.--,--.----,--.----
2026-10-04,13:39:12,HZ-NODE-14.local,NODE_14,0,0.0,--.--,--.--,--.----,--.----
2026-10-04,13:39:12,HZ-NODE-15.local,NODE_15,0,0.0,--.--,--.--,--.----,--.----
2026-10-04,13:40:12,HZ-SERVER.local,NODE_00,60,100.0,29.12,29.31,29.2219,0.0353
2026-10-04,13:40:12,HZ-NODE-01.local,NODE_01,0,0.0,--.--,--.--,--.----,--.----
2026-10-04,13:40:12,HZ-NODE-02.local,NODE_02,29,48.3,29.19,29.25,29.2457,0.0161
2026-10-04,13:40:12,HZ-NODE-03.local,NODE_03,0,0.0,--.--,--.--,--.----,--.----
2026-10-04,13:40:12,HZ-NODE-04.local,NODE_04,0,0.0,--.--,--.--,--.----,--.----
2026-10-04,13:40:12,HZ-NODE-05.local,NODE_05,8,13.3,29.25,29.38,29.3125,0.0334
2026-10-04,13:40:12,HZ-NODE-06.local,NODE_06,0,0.0,--.--,--.--,--.----,--.----
2026-10-04,13:40:12,HZ-NODE-07.local,NODE_07,0,0.0,--.--,--.--,--.----,--.----
2026-10-04,13:40:12,HZ-NODE-08.local,NODE_08,29,48.3,29.31,29.38,29.3384,0.0313
2026-10-04,13:40:12,HZ-NODE-09.local,NODE_09,0,0.0,--.--,--.--,--.----,--.----
2026-10-04,13:40:12,HZ-NODE-10.local,NODE_10,0,0.0,--.--,--.--,--.----,--.----
2026-10-04,13:40:12,HZ-NODE-11.local,NODE_11,0,0.0,--.--,--.--,--.----,--.----
2026-10-04,13:40:12,HZ-NODE-12.local,NODE_12,0,0.0,--.--,--.--,--.----,--.----
2026-10-04,13:40:12,HZ-NODE-13.local,NODE_13,0,0.0,--.--,--.--,--.----,--.----
2026-10-04,13:40:12,HZ-NODE-14.local,NODE_14,0,0.0,--.--,--.--,--.----,--.----
2026-10-04,13:40:12,HZ-NODE-15.local,NODE_15,0,0.0,--.--,--.--,--.----,--.----
2026-10-04,13:41:12,HZ-SERVER.local,NODE_00,60,100.0,29.25,29.31,29.2708,0.0297
2026-10-04,13:41:12,HZ-NODE-01.local,NODE_01,0,0.0,--.--,--.--,--.----,--.----
2026-10-04,13:41:12,HZ-NODE-02.local,NODE_02,8,13.3,29.25,29.31,29.2969,0.0289
2026-10-04,13:41:12,HZ-NODE-03.local,NODE_03,0,0.0,--.--,--.--,--.----,--.----
2026-10-04,13:41:12,HZ-NODE-04.local,NODE_04,0,0.0,--.--,--.--,--.----,--.----
2026-10-04,13:41:12,HZ-NODE-05.local,NODE_05,29,48.3,29.31,29.38,29.3491,0.0313
2026-10-04,13:41:12,HZ-NODE-06.local,NODE_06,0,0.0,--.--,--.--,--.----,--.----
2026-10-04,13:41:12,HZ-NODE-07.local,NODE_07,0,0.0,--.--,--.--,--.----,--.----
2026-10-04,13:41:12,HZ-NODE-08.local,NODE_08,30,50.0,29.31,29.38,29.3604,0.0269
2026-10-04,13:41:12,HZ-NODE-09.local,NODE_09,0,0.0,--.--,--.--,--.----,--.----
2026-10-04,13:41:12,HZ-NODE-10.local,NODE_10,0,0.0,--.--,--.--,--.----,--.----
2026-10-04,13:41:12,HZ-NODE-11.local,NODE_11,0,0.0,--.--,--.--,--.----,--.----
2026-10-04,13:41:12,HZ-NODE-12.local,NODE_12,0,0.0,--.--,--.--,--.----,--.----
2026-10-04,13:41:12,HZ-NODE-13.local,NODE_13,0,0.0,--.--,--.--,--.----,--.----
2026-10-04,13:41:12,HZ-NODE-14.local,NODE_14,0,0.0,--.--,--.--,--.----,--.----
2026-10-04,13:41:12,HZ-NODE-15.local,NODE_15,0,0.0,--.--,--.--,--.----,--.----
2026-10-04,13:42:12,HZ-SERVER.local,NODE_00,60,100.0,29.19,29.31,29.2531,0.0242
2026-10-04,13:42:12,HZ-NODE-01.local,NODE_01,0,0.0,--.--,--.--,--.----,--.----
2026-10-04,13:42:12,HZ-NODE-02.local,NODE_02,0,0.0,--.--,--.--,--.----,--.----
2026-10-04,13:42:12,HZ-NODE-03.local,NODE_03,0,0.0,--.--,--.--,--.----,--.----
2026-10-04,13:42:12,HZ-NODE-04.local,NODE_04,0,0.0,--.--,--.--,--.----,--.----
2026-10-04,13:42:12,HZ-NODE-05.local,NODE_05,30,50.0,29.31,29.38,29.3417,0.0317
2026-10-04,13:42:12,HZ-NODE-06.local,NODE_06,0,0.0,--.--,--.--,--.----,--.----
2026-10-04,13:42:12,HZ-NODE-07.local,NODE_07,0,0.0,--.--,--.--,--.----,--.----
2026-10-04,13:42:12,HZ-NODE-08.local,NODE_08,7,11.7,29.31,29.38,29.3571,0.0305
2026-10-04,13:42:12,HZ-NODE-09.local,NODE_09,0,0.0,--.--,--.--,--.----,--.----
2026-10-04,13:42:12,HZ-NODE-10.local,NODE_10,24,40.0,29.25,29.31,29.2734,0.0309
2026-10-04,13:42:12,HZ-NODE-11.local,NODE_11,0,0.0,--.--,--.--,--.----,--.----
2026-10-04,13:42:12,HZ-NODE-12.local,NODE_12,0,0.0,--.--,--.--,--.----,--.----
2026-10-04,13:42:12,HZ-NODE-13.local,NODE_13,0,0.0,--.--,--.--,--.----,--.----
2026-10-04,13:42:12,HZ-NODE-14.local,NODE_14,0,0.0,--.--,--.--,--.----,--.----
2026-10-04,13:42:12,HZ-NODE-15.local,NODE_15,0,0.0,--.--,--.--,--.----,--.----
2026-10-04,13:43:12,HZ-SERVER.local,NODE_00,60,100.0,29.25,29.38,29.2948,0.0306
2026-10-04,13:43:12,HZ-NODE-01.local,NODE_01,0,0.0,--.--,--.--,--.----,--.----
2026-10-04,13:43:12,HZ-NODE-02.local,NODE_02,0,0.0,--.--,--.--,--.----,--.----
2026-10-04,13:43:12,HZ-NODE-03.local,NODE_03,0,0.0,--.--,--.--,--.----,--.----
2026-10-04,13:43:12,HZ-NODE-04.local,NODE_04,0,0.0,--.--,--.--,--.----,--.----
2026-10-04,13:43:12,HZ-NODE-05.local,NODE_05,29,48.3,29.31,29.38,29.3664,0.0219
2026-10-04,13:43:12,HZ-NODE-06.local,NODE_06,0,0.0,--.--,--.--,--.----,--.----
2026-10-04,13:43:12,HZ-NODE-07.local,NODE_07,0,0.0,--.--,--.--,--.----,--.----
2026-10-04,13:43:12,HZ-NODE-08.local,NODE_08,0,0.0,--.--,--.--,--.----,--.----
2026-10-04,13:43:12,HZ-NODE-09.local,NODE_09,0,0.0,--.--,--.--,--.----,--.----
2026-10-04,13:43:12,HZ-NODE-10.local,NODE_10,29,48.3,29.25,29.38,29.3082,0.0286
2026-10-04,13:43:12,HZ-NODE-11.local,NODE_11,0,0.0,--.--,--.--,--.----,--.----
2026-10-04,13:43:12,HZ-NODE-12.local,NODE_12,0,0.0,--.--,--.--,--.----,--.----
2026-10-04,13:43:12,HZ-NODE-13.local,NODE_13,0,0.0,--.--,--.--,--.----,--.----
2026-10-04,13:43:12,HZ-NODE-14.local,NODE_14,0,0.0,--.--,--.--,--.----,--.----
2026-10-04,13:43:12,HZ-NODE-15.local,NODE_15,25,41.7,29.38,29.44,29.3950,0.0298
2026-10-04,13:44:12,HZ-SERVER.local,NODE_00,60,100.0,29.25,29.31,29.2792,0.0314
2026-10-04,13:44:12,HZ-NODE-01.local,NODE_01,0,0.0,--.--,--.--,--.----,--.----
2026-10-04,13:44:12,HZ-NODE-02.local,NODE_02,0,0.0,--.--,--.--,--.----,--.----
2026-10-04,13:44:12,HZ-NODE-03.local,NODE_03,0,0.0,--.--,--.--,--.----,--.----
2026-10-04,13:44:12,HZ-NODE-04.local,NODE_04,0,0.0,--.--,--.--,--.----,--.----
2026-10-04,13:44:12,HZ-NODE-05.local,NODE_05,30,50.0,29.31,29.38,29.3604,0.0269
2026-10-04,13:44:12,HZ-NODE-06.local,NODE_06,0,0.0,--.--,--.--,--.----,--.----
2026-10-04,13:44:12,HZ-NODE-07.local,NODE_07,0,0.0,--.--,--.--,--.----,--.----
2026-10-04,13:44:12,HZ-NODE-08.local,NODE_08,0,0.0,--.--,--.--,--.----,--.----
2026-10-04,13:44:12,HZ-NODE-09.local,NODE_09,0,0.0,--.--,--.--,--.----,--.----
2026-10-04,13:44:12,HZ-NODE-10.local,NODE_10,30,50.0,29.25,29.31,29.3042,0.0216
2026-10-04,13:44:12,HZ-NODE-11.local,NODE_11,0,0.0,--.--,--.--,--.----,--.----
2026-10-04,13:44:12,HZ-NODE-12.local,NODE_12,0,0.0,--.--,--.--,--.----,--.----
2026-10-04,13:44:12,HZ-NODE-13.local,NODE_13,0,0.0,--.--,--.--,--.----,--.----
2026-10-04,13:44:12,HZ-NODE-14.local,NODE_14,0,0.0,--.--,--.--,--.----,--.----
2026-10-04,13:44:12,HZ-NODE-15.local,NODE_15,29,48.3,29.38,29.44,29.3987,0.0309
2026-10-04,13:45:21,HZ-SERVER.local,NODE_00,11,18.3,29.19,29.25,29.2443,0.0188
2026-10-04,13:45:21,HZ-NODE-01.local,NODE_01,0,0.0,--.--,--.--,--.----,--.----
2026-10-04,13:45:21,HZ-NODE-02.local,NODE_02,0,0.0,--.--,--.--,--.----,--.----
2026-10-04,13:45:21,HZ-NODE-03.local,NODE_03,0,0.0,--.--,--.--,--.----,--.----
2026-10-04,13:45:21,HZ-NODE-04.local,NODE_04,0,0.0,--.--,--.--,--.----,--.----
2026-10-04,13:45:21,HZ-NODE-05.local,NODE_05,35,56.7,29.31,29.38,29.3438,0.0317
2026-10-04,13:45:21,HZ-NODE-06.local,NODE_06,0,0.0,--.--,--.--,--.----,--.----
2026-10-04,13:45:21,HZ-NODE-07.local,NODE_07,0,0.0,--.--,--.--,--.----,--.----
2026-10-04,13:45:21,HZ-NODE-08.local,NODE_08,0,0.0,--.--,--.--,--.----,--.----
2026-10-04,13:45:21,HZ-NODE-09.local,NODE_09,0,0.0,--.--,--.--,--.----,--.----
2026-10-04,13:45:21,HZ-NODE-10.local,NODE_10,40,65.0,29.19,29.31,29.2564,0.0240
2026-10-04,13:45:21,HZ-NODE-11.local,NODE_11,0,0.0,--.--,--.--,--.----,--.----
2026-10-04,13:45:21,HZ-NODE-12.local,NODE_12,0,0.0,--.--,--.--,--.----,--.----
2026-10-04,13:45:21,HZ-NODE-13.local,NODE_13,0,0.0,--.--,--.--,--.----,--.----
2026-10-04,13:45:21,HZ-NODE-14.local,NODE_14,0,0.0,--.--,--.--,--.----,--.----
2026-10-04,13:45:21,HZ-NODE-15.local,NODE_15,46,75.0,29.31,29.44,29.3611,0.0295
2026-10-04,13:46:21,HZ-SERVER.local,NODE_00,5,8.3,29.25,29.31,29.2875,0.0342
2026-10-04,13:46:21,HZ-NODE-01.local,NODE_01,0,0.0,--.--,--.--,--.----,--.----
2026-10-04,13:46:21,HZ-NODE-02.local,NODE_02,0,0.0,--.--,--.--,--.----,--.----
2026-10-04,13:46:21,HZ-NODE-03.local,NODE_03,0,0.0,--.--,--.--,--.----,--.----
2026-10-04,13:46:21,HZ-NODE-04.local,NODE_04,0,0.0,--.--,--.--,--.----,--.----
2026-10-04,13:46:21,HZ-NODE-05.local,NODE_05,30,48.3,29.31,29.44,29.3685,0.0386
2026-10-04,13:46:21,HZ-NODE-06.local,NODE_06,0,0.0,--.--,--.--,--.----,--.----
2026-10-04,13:46:21,HZ-NODE-07.local,NODE_07,0,0.0,--.--,--.--,--.----,--.----
2026-10-04,13:46:21,HZ-NODE-08.local,NODE_08,0,0.0,--.--,--.--,--.----,--.----
2026-10-04,13:46:21,HZ-NODE-09.local,NODE_09,0,0.0,--.--,--.--,--.----,--.----
2026-10-04,13:46:21,HZ-NODE-10.local,NODE_10,30,48.3,29.19,30.56,29.2996,0.0611
2026-10-04,13:46:21,HZ-NODE-11.local,NODE_11,0,0.0,--.--,--.--,--.----,--.----
2026-10-04,13:46:21,HZ-NODE-12.local,NODE_12,0,0.0,--.--,--.--,--.----,--.----
2026-10-04,13:46:21,HZ-NODE-13.local,NODE_13,0,0.0,--.--,--.--,--.----,--.----
2026-10-04,13:46:21,HZ-NODE-14.local,NODE_14,0,0.0,--.--,--.--,--.----,--.----
2026-10-04,13:46:21,HZ-NODE-15.local,NODE_15,29,46.7,29.31,29.44,29.3862,0.0297
2026-10-04,13:47:21,HZ-SERVER.local,NODE_00,5,8.3,29.25,29.25,29.2500,0.0000
2026-10-04,13:47:21,HZ-NODE-01.local,NODE_01,0,0.0,--.--,--.--,--.----,--.----
2026-10-04,13:47:21,HZ-NODE-02.local,NODE_02,0,0.0,--.--,--.--,--.----,--.----
2026-10-04,13:47:21,HZ-NODE-03.local,NODE_03,0,0.0,--.--,--.--,--.----,--.----
2026-10-04,13:47:21,HZ-NODE-04.local,NODE_04,0,0.0,--.--,--.--,--.----,--.----
2026-10-04,13:47:21,HZ-NODE-05.local,NODE_05,29,46.7,29.31,29.75,29.3795,0.0337
2026-10-04,13:47:21,HZ-NODE-06.local,NODE_06,0,0.0,--.--,--.--,--.----,--.----
2026-10-04,13:47:21,HZ-NODE-07.local,NODE_07,0,0.0,--.--,--.--,--.----,--.----
2026-10-04,13:47:21,HZ-NODE-08.local,NODE_08,0,0.0,--.--,--.--,--.----,--.----
2026-10-04,13:47:21,HZ-NODE-09.local,NODE_09,0,0.0,--.--,--.--,--.----,--.----
2026-10-04,13:47:21,HZ-NODE-10.local,NODE_10,29,46.7,29.44,30.81,29.6674,0.3109
2026-10-04,13:47:21,HZ-NODE-11.local,NODE_11,0,0.0,--.--,--.--,--.----,--.----
2026-10-04,13:47:21,HZ-NODE-12.local,NODE_12,0,0.0,--.--,--.--,--.----,--.----
2026-10-04,13:47:21,HZ-NODE-13.local,NODE_13,0,0.0,--.--,--.--,--.----,--.----
2026-10-04,13:47:21,HZ-NODE-14.local,NODE_14,0,0.0,--.--,--.--,--.----,--.----
2026-10-04,13:47:21,HZ-NODE-15.local,NODE_15,30,48.3,29.38,29.50,29.4310,0.0453
2026-10-04,13:48:21,HZ-SERVER.local,NODE_00,5,8.3,29.62,29.69,29.6625,0.0342
2026-10-04,13:48:21,HZ-NODE-01.local,NODE_01,0,0.0,--.--,--.--,--.----,--.----
2026-10-04,13:48:21,HZ-NODE-02.local,NODE_02,0,0.0,--.--,--.--,--.----,--.----
2026-10-04,13:48:21,HZ-NODE-03.local,NODE_03,0,0.0,--.--,--.--,--.----,--.----
2026-10-04,13:48:21,HZ-NODE-04.local,NODE_04,0,0.0,--.--,--.--,--.----,--.----
2026-10-04,13:48:21,HZ-NODE-05.local,NODE_05,30,48.3,29.50,30.50,29.6983,0.2577
2026-10-04,13:48:21,HZ-NODE-06.local,NODE_06,0,0.0,--.--,--.--,--.----,--.----
2026-10-04,13:48:21,HZ-NODE-07.local,NODE_07,0,0.0,--.--,--.--,--.----,--.----
2026-10-04,13:48:21,HZ-NODE-08.local,NODE_08,0,0.0,--.--,--.--,--.----,--.----
2026-10-04,13:48:21,HZ-NODE-09.local,NODE_09,0,0.0,--.--,--.--,--.----,--.----
2026-10-04,13:48:21,HZ-NODE-10.local,NODE_10,30,48.3,29.38,29.50,29.4073,0.0396
2026-10-04,13:48:21,HZ-NODE-11.local,NODE_11,0,0.0,--.--,--.--,--.----,--.----
2026-10-04,13:48:21,HZ-NODE-12.local,NODE_12,0,0.0,--.--,--.--,--.----,--.----
2026-10-04,13:48:21,HZ-NODE-13.local,NODE_13,0,0.0,--.--,--.--,--.----,--.----
2026-10-04,13:48:21,HZ-NODE-14.local,NODE_14,0,0.0,--.--,--.--,--.----,--.----
2026-10-04,13:48:21,HZ-NODE-15.local,NODE_15,29,46.7,29.38,29.50,29.4286,0.0328
2026-10-04,13:49:21,HZ-SERVER.local,NODE_00,5,8.3,29.38,29.38,29.3750,0.0000
2026-10-04,13:49:21,HZ-NODE-01.local,NODE_01,0,0.0,--.--,--.--,--.----,--.----
2026-10-04,13:49:21,HZ-NODE-02.local,NODE_02,0,0.0,--.--,--.--,--.----,--.----
2026-10-04,13:49:21,HZ-NODE-03.local,NODE_03,0,0.0,--.--,--.--,--.----,--.----
2026-10-04,13:49:21,HZ-NODE-04.local,NODE_04,0,0.0,--.--,--.--,--.----,--.----
2026-10-04,13:49:21,HZ-NODE-05.local,NODE_05,29,46.7,29.38,29.50,29.4375,0.0295
2026-10-04,13:49:21,HZ-NODE-06.local,NODE_06,0,0.0,--.--,--.--,--.----,--.----
2026-10-04,13:49:21,HZ-NODE-07.local,NODE_07,0,0.0,--.--,--.--,--.----,--.----
2026-10-04,13:49:21,HZ-NODE-08.local,NODE_08,0,0.0,--.--,--.--,--.----,--.----
2026-10-04,13:49:21,HZ-NODE-09.local,NODE_09,0,0.0,--.--,--.--,--.----,--.----
2026-10-04,13:49:21,HZ-NODE-10.local,NODE_10,29,46.7,29.31,29.38,29.3460,0.0317
2026-10-04,13:49:21,HZ-NODE-11.local,NODE_11,0,0.0,--.--,--.--,--.----,--.----
2026-10-04,13:49:21,HZ-NODE-12.local,NODE_12,0,0.0,--.--,--.--,--.----,--.----
2026-10-04,13:49:21,HZ-NODE-13.local,NODE_13,0,0.0,--.--,--.--,--.----,--.----
2026-10-04,13:49:21,HZ-NODE-14.local,NODE_14,0,0.0,--.--,--.--,--.----,--.----
2026-10-04,13:49:21,HZ-NODE-15.local,NODE_15,30,48.3,29.38,29.44,29.4181,0.0294
2026-10-04,13:50:21,HZ-SERVER.local,NODE_00,5,8.3,29.31,29.44,29.3750,0.0442
2026-10-04,13:50:21,HZ-NODE-01.local,NODE_01,0,0.0,--.--,--.--,--.----,--.----
2026-10-04,13:50:21,HZ-NODE-02.local,NODE_02,0,0.0,--.--,--.--,--.----,--.----
2026-10-04,13:50:21,HZ-NODE-03.local,NODE_03,0,0.0,--.--,--.--,--.----,--.----
2026-10-04,13:50:21,HZ-NODE-04.local,NODE_04,0,0.0,--.--,--.--,--.----,--.----
2026-10-04,13:50:21,HZ-NODE-05.local,NODE_05,30,48.3,29.38,29.50,29.4418,0.0232
2026-10-04,13:50:21,HZ-NODE-06.local,NODE_06,0,0.0,--.--,--.--,--.----,--.----
2026-10-04,13:50:21,HZ-NODE-07.local,NODE_07,0,0.0,--.--,--.--,--.----,--.----
2026-10-04,13:50:21,HZ-NODE-08.local,NODE_08,0,0.0,--.--,--.--,--.----,--.----
2026-10-04,13:50:21,HZ-NODE-09.local,NODE_09,0,0.0,--.--,--.--,--.----,--.----
2026-10-04,13:50:21,HZ-NODE-10.local,NODE_10,30,48.3,29.31,29.38,29.3621,0.0258
2026-10-04,13:50:21,HZ-NODE-11.local,NODE_11,0,0.0,--.--,--.--,--.----,--.----
2026-10-04,13:50:21,HZ-NODE-12.local,NODE_12,0,0.0,--.--,--.--,--.----,--.----
2026-10-04,13:50:21,HZ-NODE-13.local,NODE_13,0,0.0,--.--,--.--,--.----,--.----
2026-10-04,13:50:21,HZ-NODE-14.local,NODE_14,0,0.0,--.--,--.--,--.----,--.----
2026-10-04,13:50:21,HZ-NODE-15.local,NODE_15,29,46.7,29.44,29.50,29.4554,0.0288
2026-10-04,13:51:21,HZ-SERVER.local,NODE_00,5,8.3,29.31,29.38,29.3375,0.0342
2026-10-04,13:51:21,HZ-NODE-01.local,NODE_01,0,0.0,--.--,--.--,--.----,--.----
2026-10-04,13:51:21,HZ-NODE-02.local,NODE_02,0,0.0,--.--,--.--,--.----,--.----
2026-10-04,13:51:21,HZ-NODE-03.local,NODE_03,0,0.0,--.--,--.--,--.----,--.----
2026-10-04,13:51:21,HZ-NODE-04.local,NODE_04,0,0.0,--.--,--.--,--.----,--.----
2026-10-04,13:51:21,HZ-NODE-05.local,NODE_05,29,46.7,29.38,29.50,29.4442,0.0260
2026-10-04,13:51:21,HZ-NODE-06.local,NODE_06,0,0.0,--.--,--.--,--.----,--.----
2026-10-04,13:51:21,HZ-NODE-07.local,NODE_07,0,0.0,--.--,--.--,--.----,--.----
2026-10-04,13:51:21,HZ-NODE-08.local,NODE_08,0,0.0,--.--,--.--,--.----,--.----
2026-10-04,13:51:21,HZ-NODE-09.local,NODE_09,0,0.0,--.--,--.--,--.----,--.----
2026-10-04,13:51:21,HZ-NODE-10.local,NODE_10,30,48.3,29.31,29.44,29.3556,0.0377
2026-10-04,13:51:21,HZ-NODE-11.local,NODE_11,0,0.0,--.--,--.--,--.----,--.----
2026-10-04,13:51:21,HZ-NODE-12.local,NODE_12,0,0.0,--.--,--.--,--.----,--.----
2026-10-04,13:51:21,HZ-NODE-13.local,NODE_13,0,0.0,--.--,--.--,--.----,--.----
2026-10-04,13:51:21,HZ-NODE-14.local,NODE_14,0,0.0,--.--,--.--,--.----,--.----
2026-10-04,13:51:21,HZ-NODE-15.local,NODE_15,30,48.3,29.38,29.50,29.4569,0.0338
2026-10-04,13:52:21,HZ-SERVER.local,NODE_00,5,8.3,29.38,29.38,29.3750,0.0000
2026-10-04,13:52:21,HZ-NODE-01.local,NODE_01,0,0.0,--.--,--.--,--.----,--.----
2026-10-04,13:52:21,HZ-NODE-02.local,NODE_02,0,0.0,--.--,--.--,--.----,--.----
2026-10-04,13:52:21,HZ-NODE-03.local,NODE_03,0,0.0,--.--,--.--,--.----,--.----
2026-10-04,13:52:21,HZ-NODE-04.local,NODE_04,0,0.0,--.--,--.--,--.----,--.----
2026-10-04,13:52:21,HZ-NODE-05.local,NODE_05,15,25.0,29.44,29.50,29.4417,0.0161
2026-10-04,13:52:21,HZ-NODE-06.local,NODE_06,0,0.0,--.--,--.--,--.----,--.----
2026-10-04,13:52:21,HZ-NODE-07.local,NODE_07,0,0.0,--.--,--.--,--.----,--.----
2026-10-04,13:52:21,HZ-NODE-08.local,NODE_08,0,0.0,--.--,--.--,--.----,--.----
2026-10-04,13:52:21,HZ-NODE-09.local,NODE_09,0,0.0,--.--,--.--,--.----,--.----
2026-10-04,13:52:21,HZ-NODE-10.local,NODE_10,29,46.7,29.38,29.44,29.3884,0.0261
2026-10-04,13:52:21,HZ-NODE-11.local,NODE_11,0,0.0,--.--,--.--,--.----,--.----
2026-10-04,13:52:21,HZ-NODE-12.local,NODE_12,0,0.0,--.--,--.--,--.----,--.----
2026-10-04,13:52:21,HZ-NODE-13.local,NODE_13,0,0.0,--.--,--.--,--.----,--.----
2026-10-04,13:52:21,HZ-NODE-14.local,NODE_14,0,0.0,--.--,--.--,--.----,--.----
2026-10-04,13:52:21,HZ-NODE-15.local,NODE_15,29,46.7,29.44,29.56,29.4978,0.0268
2026-10-04,13:53:21,HZ-SERVER.local,NODE_00,5,8.3,29.31,29.44,29.3750,0.0442
2026-10-04,13:53:21,HZ-NODE-01.local,NODE_01,13,20.0,29.44,29.50,29.4948,0.0180
2026-10-04,13:53:21,HZ-NODE-02.local,NODE_02,0,0.0,--.--,--.--,--.----,--.----
2026-10-04,13:53:21,HZ-NODE-03.local,NODE_03,0,0.0,--.--,--.--,--.----,--.----
2026-10-04,13:53:21,HZ-NODE-04.local,NODE_04,0,0.0,--.--,--.--,--.----,--.----
2026-10-04,13:53:21,HZ-NODE-05.local,NODE_05,0,0.0,--.--,--.--,--.----,--.----
2026-10-04,13:53:21,HZ-NODE-06.local,NODE_06,0,0.0,--.--,--.--,--.----,--.----
2026-10-04,13:53:21,HZ-NODE-07.local,NODE_07,0,0.0,--.--,--.--,--.----,--.----
2026-10-04,13:53:21,HZ-NODE-08.local,NODE_08,0,0.0,--.--,--.--,--.----,--.----
2026-10-04,13:53:21,HZ-NODE-09.local,NODE_09,0,0.0,--.--,--.--,--.----,--.----
2026-10-04,13:53:21,HZ-NODE-10.local,NODE_10,9,15.0,29.38,29.44,29.4097,0.0329
2026-10-04,13:53:21,HZ-NODE-11.local,NODE_11,0,0.0,--.--,--.--,--.----,--.----
2026-10-04,13:53:21,HZ-NODE-12.local,NODE_12,0,0.0,--.--,--.--,--.----,--.----
2026-10-04,13:53:21,HZ-NODE-13.local,NODE_13,0,0.0,--.--,--.--,--.----,--.----
2026-10-04,13:53:21,HZ-NODE-14.local,NODE_14,0,0.0,--.--,--.--,--.----,--.----
2026-10-04,13:53:21,HZ-NODE-15.local,NODE_15,30,48.3,29.50,29.56,29.5194,0.0294
2026-10-04,13:54:21,HZ-SERVER.local,NODE_00,5,8.3,29.44,29.44,29.4375,0.0000
2026-10-04,13:54:21,HZ-NODE-01.local,NODE_01,30,48.3,29.44,29.56,29.5129,0.0307
2026-10-04,13:54:21,HZ-NODE-02.local,NODE_02,15,23.3,29.38,29.44,29.4330,0.0167
2026-10-04,13:54:21,HZ-NODE-03.local,NODE_03,0,0.0,--.--,--.--,--.----,--.----
2026-10-04,13:54:21,HZ-NODE-04.local,NODE_04,0,0.0,--.--,--.--,--.----,--.----
2026-10-04,13:54:21,HZ-NODE-05.local,NODE_05,0,0.0,--.--,--.--,--.----,--.----
2026-10-04,13:54:21,HZ-NODE-06.local,NODE_06,0,0.0,--.--,--.--,--.----,--.----
2026-10-04,13:54:21,HZ-NODE-07.local,NODE_07,0,0.0,--.--,--.--,--.----,--.----
2026-10-04,13:54:21,HZ-NODE-08.local,NODE_08,0,0.0,--.--,--.--,--.----,--.----
2026-10-04,13:54:21,HZ-NODE-09.local,NODE_09,0,0.0,--.--,--.--,--.----,--.----
2026-10-04,13:54:21,HZ-NODE-10.local,NODE_10,0,0.0,--.--,--.--,--.----,--.----
2026-10-04,13:54:21,HZ-NODE-11.local,NODE_11,0,0.0,--.--,--.--,--.----,--.----
2026-10-04,13:54:21,HZ-NODE-12.local,NODE_12,0,0.0,--.--,--.--,--.----,--.----
2026-10-04,13:54:21,HZ-NODE-13.local,NODE_13,0,0.0,--.--,--.--,--.----,--.----
2026-10-04,13:54:21,HZ-NODE-14.local,NODE_14,0,0.0,--.--,--.--,--.----,--.----
2026-10-04,13:54:21,HZ-NODE-15.local,NODE_15,0,0.0,--.--,--.--,--.----,--.----
2026-10-04,13:55:22,HZ-SERVER.local,NODE_00,5,8.3,29.38,29.44,29.4000,0.0342
2026-10-04,13:55:22,HZ-NODE-01.local,NODE_01,29,46.7,29.50,29.56,29.5089,0.0223
2026-10-04,13:55:22,HZ-NODE-02.local,NODE_02,30,48.3,29.38,29.44,29.4267,0.0240
2026-10-04,13:55:22,HZ-NODE-03.local,NODE_03,20,31.7,29.50,29.56,29.5395,0.0310
2026-10-04,13:55:22,HZ-NODE-04.local,NODE_04,0,0.0,--.--,--.--,--.----,--.----
2026-10-04,13:55:22,HZ-NODE-05.local,NODE_05,0,0.0,--.--,--.--,--.----,--.----
2026-10-04,13:55:22,HZ-NODE-06.local,NODE_06,0,0.0,--.--,--.--,--.----,--.----
2026-10-04,13:55:22,HZ-NODE-07.local,NODE_07,0,0.0,--.--,--.--,--.----,--.----
2026-10-04,13:55:22,HZ-NODE-08.local,NODE_08,0,0.0,--.--,--.--,--.----,--.----
2026-10-04,13:55:22,HZ-NODE-09.local,NODE_09,0,0.0,--.--,--.--,--.----,--.----
2026-10-04,13:55:22,HZ-NODE-10.local,NODE_10,0,0.0,--.--,--.--,--.----,--.----
2026-10-04,13:55:22,HZ-NODE-11.local,NODE_11,0,0.0,--.--,--.--,--.----,--.----
2026-10-04,13:55:22,HZ-NODE-12.local,NODE_12,0,0.0,--.--,--.--,--.----,--.----
2026-10-04,13:55:22,HZ-NODE-13.local,NODE_13,0,0.0,--.--,--.--,--.----,--.----
2026-10-04,13:55:22,HZ-NODE-14.local,NODE_14,0,0.0,--.--,--.--,--.----,--.----
2026-10-04,13:55:22,HZ-NODE-15.local,NODE_15,0,0.0,--.--,--.--,--.----,--.----
2026-10-04,14:56:27,HZ-SERVER.local,NODE_00,3547,98.5,29.31,30.88,30.3621,0.4316
2026-10-04,14:56:27,HZ-NODE-01.local,NODE_01,185,5.1,29.44,29.62,29.5203,0.0408
2026-10-04,14:56:27,HZ-NODE-02.local,NODE_02,144,4.0,29.38,29.50,29.4240,0.0340
2026-10-04,14:56:27,HZ-NODE-03.local,NODE_03,45,1.2,29.44,29.56,29.5000,0.0267
2026-10-04,14:56:27,HZ-NODE-04.local,NODE_04,0,0.0,--.--,--.--,--.----,--.----
2026-10-04,14:56:27,HZ-NODE-05.local,NODE_05,1572,43.7,29.50,30.94,30.6081,0.2894
2026-10-04,14:56:27,HZ-NODE-06.local,NODE_06,0,0.0,--.--,--.--,--.----,--.----
2026-10-04,14:56:27,HZ-NODE-07.local,NODE_07,0,0.0,--.--,--.--,--.----,--.----
2026-10-04,14:56:27,HZ-NODE-08.local,NODE_08,0,0.0,--.--,--.--,--.----,--.----
2026-10-04,14:56:27,HZ-NODE-09.local,NODE_09,0,0.0,--.--,--.--,--.----,--.----
2026-10-04,14:56:27,HZ-NODE-10.local,NODE_10,1611,44.8,29.44,30.94,30.5673,0.3555
2026-10-04,14:56:27,HZ-NODE-11.local,NODE_11,0,0.0,--.--,--.--,--.----,--.----
2026-10-04,14:56:27,HZ-NODE-12.local,NODE_12,0,0.0,--.--,--.--,--.----,--.----
2026-10-04,14:56:27,HZ-NODE-13.local,NODE_13,0,0.0,--.--,--.--,--.----,--.----
2026-10-04,14:56:27,HZ-NODE-14.local,NODE_14,0,0.0,--.--,--.--,--.----,--.----
2026-10-04,14:56:27,HZ-NODE-15.local,NODE_15,1711,47.5,29.50,31.06,30.6258,0.4485
2026-10-04,15:56:27,HZ-SERVER.local,NODE_00,3597,99.9,29.94,30.31,30.1107,0.0849
2026-10-04,15:56:27,HZ-NODE-01.local,NODE_01,0,0.0,--.--,--.--,--.----,--.----
2026-10-04,15:56:27,HZ-NODE-02.local,NODE_02,0,0.0,--.--,--.--,--.----,--.----
2026-10-04,15:56:27,HZ-NODE-03.local,NODE_03,0,0.0,--.--,--.--,--.----,--.----
2026-10-04,15:56:27,HZ-NODE-04.local,NODE_04,0,0.0,--.--,--.--,--.----,--.----
2026-10-04,15:56:27,HZ-NODE-05.local,NODE_05,1798,49.9,30.19,30.56,30.3149,0.0997
2026-10-04,15:56:27,HZ-NODE-06.local,NODE_06,0,0.0,--.--,--.--,--.----,--.----
2026-10-04,15:56:27,HZ-NODE-07.local,NODE_07,0,0.0,--.--,--.--,--.----,--.----
2026-10-04,15:56:27,HZ-NODE-08.local,NODE_08,0,0.0,--.--,--.--,--.----,--.----
2026-10-04,15:56:27,HZ-NODE-09.local,NODE_09,0,0.0,--.--,--.--,--.----,--.----
2026-10-04,15:56:27,HZ-NODE-10.local,NODE_10,1799,50.0,30.06,30.56,30.2180,0.1260
2026-10-04,15:56:27,HZ-NODE-11.local,NODE_11,0,0.0,--.--,--.--,--.----,--.----
2026-10-04,15:56:27,HZ-NODE-12.local,NODE_12,0,0.0,--.--,--.--,--.----,--.----
2026-10-04,15:56:27,HZ-NODE-13.local,NODE_13,0,0.0,--.--,--.--,--.----,--.----
2026-10-04,15:56:27,HZ-NODE-14.local,NODE_14,0,0.0,--.--,--.--,--.----,--.----
2026-10-04,15:56:27,HZ-NODE-15.local,NODE_15,1798,49.9,30.19,30.62,30.3339,0.1161
2026-10-04,16:56:28,HZ-SERVER.local,NODE_00,3597,99.9,29.88,30.12,29.9927,0.0395
2026-10-04,16:56:28,HZ-NODE-01.local,NODE_01,0,0.0,--.--,--.--,--.----,--.----
2026-10-04,16:56:28,HZ-NODE-02.local,NODE_02,0,0.0,--.--,--.--,--.----,--.----
2026-10-04,16:56:28,HZ-NODE-03.local,NODE_03,0,0.0,--.--,--.--,--.----,--.----
2026-10-04,16:56:28,HZ-NODE-04.local,NODE_04,0,0.0,--.--,--.--,--.----,--.----
2026-10-04,16:56:28,HZ-NODE-05.local,NODE_05,1799,50.0,30.12,30.31,30.2042,0.0339
2026-10-04,16:56:28,HZ-NODE-06.local,NODE_06,0,0.0,--.--,--.--,--.----,--.----
2026-10-04,16:56:28,HZ-NODE-07.local,NODE_07,0,0.0,--.--,--.--,--.----,--.----
2026-10-04,16:56:28,HZ-NODE-08.local,NODE_08,0,0.0,--.--,--.--,--.----,--.----
2026-10-04,16:56:28,HZ-NODE-09.local,NODE_09,0,0.0,--.--,--.--,--.----,--.----
2026-10-04,16:56:28,HZ-NODE-10.local,NODE_10,1798,49.9,30.00,30.19,30.1150,0.0356
2026-10-04,16:56:28,HZ-NODE-11.local,NODE_11,0,0.0,--.--,--.--,--.----,--.----
2026-10-04,16:56:28,HZ-NODE-12.local,NODE_12,0,0.0,--.--,--.--,--.----,--.----
2026-10-04,16:56:28,HZ-NODE-13.local,NODE_13,0,0.0,--.--,--.--,--.----,--.----
2026-10-04,16:56:28,HZ-NODE-14.local,NODE_14,0,0.0,--.--,--.--,--.----,--.----
2026-10-04,16:56:28,HZ-NODE-15.local,NODE_15,1798,49.9,30.12,30.31,30.2186,0.0340
2026-10-04,17:56:28,HZ-SERVER.local,NODE_00,3597,99.9,30.00,30.25,30.1532,0.0530
2026-10-04,17:56:28,HZ-NODE-01.local,NODE_01,0,0.0,--.--,--.--,--.----,--.----
2026-10-04,17:56:28,HZ-NODE-02.local,NODE_02,0,0.0,--.--,--.--,--.----,--.----
2026-10-04,17:56:28,HZ-NODE-03.local,NODE_03,0,0.0,--.--,--.--,--.----,--.----
2026-10-04,17:56:28,HZ-NODE-04.local,NODE_04,0,0.0,--.--,--.--,--.----,--.----
2026-10-04,17:56:28,HZ-NODE-05.local,NODE_05,1798,49.9,30.19,30.50,30.3785,0.0669
2026-10-04,17:56:28,HZ-NODE-06.local,NODE_06,0,0.0,--.--,--.--,--.----,--.----
2026-10-04,17:56:28,HZ-NODE-07.local,NODE_07,0,0.0,--.--,--.--,--.----,--.----
2026-10-04,17:56:28,HZ-NODE-08.local,NODE_08,0,0.0,--.--,--.--,--.----,--.----
2026-10-04,17:56:28,HZ-NODE-09.local,NODE_09,0,0.0,--.--,--.--,--.----,--.----
2026-10-04,17:56:28,HZ-NODE-10.local,NODE_10,1799,50.0,30.12,30.44,30.2942,0.0719
2026-10-04,17:56:28,HZ-NODE-11.local,NODE_11,0,0.0,--.--,--.--,--.----,--.----
2026-10-04,17:56:28,HZ-NODE-12.local,NODE_12,0,0.0,--.--,--.--,--.----,--.----
2026-10-04,17:56:28,HZ-NODE-13.local,NODE_13,0,0.0,--.--,--.--,--.----,--.----
2026-10-04,17:56:28,HZ-NODE-14.local,NODE_14,0,0.0,--.--,--.--,--.----,--.----
2026-10-04,17:56:28,HZ-NODE-15.local,NODE_15,1798,49.9,30.19,30.56,30.3918,0.0656
2026-10-04,18:56:29,HZ-SERVER.local,NODE_00,3597,99.9,29.94,30.25,30.1295,0.0779
2026-10-04,18:56:29,HZ-NODE-01.local,NODE_01,0,0.0,--.--,--.--,--.----,--.----
2026-10-04,18:56:29,HZ-NODE-02.local,NODE_02,0,0.0,--.--,--.--,--.----,--.----
2026-10-04,18:56:29,HZ-NODE-03.local,NODE_03,0,0.0,--.--,--.--,--.----,--.----
2026-10-04,18:56:29,HZ-NODE-04.local,NODE_04,0,0.0,--.--,--.--,--.----,--.----
2026-10-04,18:56:29,HZ-NODE-05.local,NODE_05,1799,50.0,30.19,30.50,30.3587,0.0772
2026-10-04,18:56:29,HZ-NODE-06.local,NODE_06,0,0.0,--.--,--.--,--.----,--.----
2026-10-04,18:56:29,HZ-NODE-07.local,NODE_07,0,0.0,--.--,--.--,--.----,--.----
2026-10-04,18:56:29,HZ-NODE-08.local,NODE_08,0,0.0,--.--,--.--,--.----,--.----
2026-10-04,18:56:29,HZ-NODE-09.local,NODE_09,0,0.0,--.--,--.--,--.----,--.----
2026-10-04,18:56:29,HZ-NODE-10.local,NODE_10,1798,49.9,30.12,30.44,30.3041,0.0592
2026-10-04,18:56:29,HZ-NODE-11.local,NODE_11,0,0.0,--.--,--.--,--.----,--.----
2026-10-04,18:56:29,HZ-NODE-12.local,NODE_12,0,0.0,--.--,--.--,--.----,--.----
2026-10-04,18:56:29,HZ-NODE-13.local,NODE_13,0,0.0,--.--,--.--,--.----,--.----
2026-10-04,18:56:29,HZ-NODE-14.local,NODE_14,0,0.0,--.--,--.--,--.----,--.----
2026-10-04,18:56:29,HZ-NODE-15.local,NODE_15,1798,49.9,30.25,30.50,30.4083,0.0566
2026-10-04,19:56:30,HZ-SERVER.local,NODE_00,3597,99.9,29.38,30.00,29.6801,0.1237
2026-10-04,19:56:30,HZ-NODE-01.local,NODE_01,0,0.0,--.--,--.--,--.----,--.----
2026-10-04,19:56:30,HZ-NODE-02.local,NODE_02,0,0.0,--.--,--.--,--.----,--.----
2026-10-04,19:56:30,HZ-NODE-03.local,NODE_03,0,0.0,--.--,--.--,--.----,--.----
2026-10-04,19:56:30,HZ-NODE-04.local,NODE_04,0,0.0,--.--,--.--,--.----,--.----
2026-10-04,19:56:30,HZ-NODE-05.local,NODE_05,1798,49.9,29.69,30.25,29.9358,0.1140
2026-10-04,19:56:30,HZ-NODE-06.local,NODE_06,0,0.0,--.--,--.--,--.----,--.----
2026-10-04,19:56:30,HZ-NODE-07.local,NODE_07,0,0.0,--.--,--.--,--.----,--.----
2026-10-04,19:56:30,HZ-NODE-08.local,NODE_08,0,0.0,--.--,--.--,--.----,--.----
2026-10-04,19:56:30,HZ-NODE-09.local,NODE_09,0,0.0,--.--,--.--,--.----,--.----
2026-10-04,19:56:30,HZ-NODE-10.local,NODE_10,1799,50.0,29.69,30.19,29.9266,0.1066
2026-10-04,19:56:30,HZ-NODE-11.local,NODE_11,0,0.0,--.--,--.--,--.----,--.----
2026-10-04,19:56:30,HZ-NODE-12.local,NODE_12,0,0.0,--.--,--.--,--.----,--.----
2026-10-04,19:56:30,HZ-NODE-13.local,NODE_13,0,0.0,--.--,--.--,--.----,--.----
2026-10-04,19:56:30,HZ-NODE-14.local,NODE_14,0,0.0,--.--,--.--,--.----,--.----
2026-10-04,19:56:30,HZ-NODE-15.local,NODE_15,1797,49.9,29.88,30.31,30.0439,0.1004
2026-10-04,20:56:30,HZ-SERVER.local,NODE_00,3597,99.9,29.25,29.75,29.4860,0.1118
2026-10-04,20:56:30,HZ-NODE-01.local,NODE_01,0,0.0,--.--,--.--,--.----,--.----
2026-10-04,20:56:30,HZ-NODE-02.local,NODE_02,0,0.0,--.--,--.--,--.----,--.----
2026-10-04,20:56:30,HZ-NODE-03.local,NODE_03,0,0.0,--.--,--.--,--.----,--.----
2026-10-04,20:56:30,HZ-NODE-04.local,NODE_04,0,0.0,--.--,--.--,--.----,--.----
2026-10-04,20:56:30,HZ-NODE-05.local,NODE_05,1799,50.0,29.50,29.94,29.7041,0.1119
2026-10-04,20:56:30,HZ-NODE-06.local,NODE_06,0,0.0,--.--,--.--,--.----,--.----
2026-10-04,20:56:30,HZ-NODE-07.local,NODE_07,0,0.0,--.--,--.--,--.----,--.----
2026-10-04,20:56:30,HZ-NODE-08.local,NODE_08,0,0.0,--.--,--.--,--.----,--.----
2026-10-04,20:56:30,HZ-NODE-09.local,NODE_09,0,0.0,--.--,--.--,--.----,--.----
2026-10-04,20:56:30,HZ-NODE-10.local,NODE_10,1798,49.9,29.44,29.94,29.6806,0.1007
2026-10-04,20:56:30,HZ-NODE-11.local,NODE_11,0,0.0,--.--,--.--,--.----,--.----
2026-10-04,20:56:30,HZ-NODE-12.local,NODE_12,0,0.0,--.--,--.--,--.----,--.----
2026-10-04,20:56:30,HZ-NODE-13.local,NODE_13,0,0.0,--.--,--.--,--.----,--.----
2026-10-04,20:56:30,HZ-NODE-14.local,NODE_14,0,0.0,--.--,--.--,--.----,--.----
2026-10-04,20:56:30,HZ-NODE-15.local,NODE_15,1798,49.9,29.56,30.00,29.7622,0.1071
2026-10-04,21:56:31,HZ-SERVER.local,NODE_00,3597,99.9,28.62,29.31,28.9746,0.1803
2026-10-04,21:56:31,HZ-NODE-01.local,NODE_01,0,0.0,--.--,--.--,--.----,--.----
2026-10-04,21:56:31,HZ-NODE-02.local,NODE_02,0,0.0,--.--,--.--,--.----,--.----
2026-10-04,21:56:31,HZ-NODE-03.local,NODE_03,0,0.0,--.--,--.--,--.----,--.----
2026-10-04,21:56:31,HZ-NODE-04.local,NODE_04,0,0.0,--.--,--.--,--.----,--.----
2026-10-04,21:56:31,HZ-NODE-05.local,NODE_05,1798,49.9,28.81,29.56,29.1886,0.1870
2026-10-04,21:56:31,HZ-NODE-06.local,NODE_06,0,0.0,--.--,--.--,--.----,--.----
2026-10-04,21:56:31,HZ-NODE-07.local,NODE_07,0,0.0,--.--,--.--,--.----,--.----
2026-10-04,21:56:31,HZ-NODE-08.local,NODE_08,0,0.0,--.--,--.--,--.----,--.----
2026-10-04,21:56:31,HZ-NODE-09.local,NODE_09,0,0.0,--.--,--.--,--.----,--.----
2026-10-04,21:56:31,HZ-NODE-10.local,NODE_10,1799,50.0,28.81,29.56,29.1619,0.2009
2026-10-04,21:56:31,HZ-NODE-11.local,NODE_11,0,0.0,--.--,--.--,--.----,--.----
2026-10-04,21:56:31,HZ-NODE-12.local,NODE_12,0,0.0,--.--,--.--,--.----,--.----
2026-10-04,21:56:31,HZ-NODE-13.local,NODE_13,0,0.0,--.--,--.--,--.----,--.----
2026-10-04,21:56:31,HZ-NODE-14.local,NODE_14,0,0.0,--.--,--.--,--.----,--.----
2026-10-04,21:56:31,HZ-NODE-15.local,NODE_15,1797,49.9,28.88,29.62,29.2687,0.1907
2026-10-04,22:56:31,HZ-SERVER.local,NODE_00,3597,99.9,28.25,28.69,28.4261,0.1009
2026-10-04,22:56:31,HZ-NODE-01.local,NODE_01,0,0.0,--.--,--.--,--.----,--.----
2026-10-04,22:56:31,HZ-NODE-02.local,NODE_02,0,0.0,--.--,--.--,--.----,--.----
2026-10-04,22:56:31,HZ-NODE-03.local,NODE_03,0,0.0,--.--,--.--,--.----,--.----
2026-10-04,22:56:31,HZ-NODE-04.local,NODE_04,0,0.0,--.--,--.--,--.----,--.----
2026-10-04,22:56:31,HZ-NODE-05.local,NODE_05,1799,50.0,28.50,28.94,28.6704,0.0971
2026-10-04,22:56:31,HZ-NODE-06.local,NODE_06,0,0.0,--.--,--.--,--.----,--.----
2026-10-04,22:56:31,HZ-NODE-07.local,NODE_07,0,0.0,--.--,--.--,--.----,--.----
2026-10-04,22:56:31,HZ-NODE-08.local,NODE_08,0,0.0,--.--,--.--,--.----,--.----
2026-10-04,22:56:31,HZ-NODE-09.local,NODE_09,0,0.0,--.--,--.--,--.----,--.----
2026-10-04,22:56:31,HZ-NODE-10.local,NODE_10,1798,49.9,28.50,28.88,28.6576,0.0868
2026-10-04,22:56:31,HZ-NODE-11.local,NODE_11,0,0.0,--.--,--.--,--.----,--.----
2026-10-04,22:56:31,HZ-NODE-12.local,NODE_12,0,0.0,--.--,--.--,--.----,--.----
2026-10-04,22:56:31,HZ-NODE-13.local,NODE_13,0,0.0,--.--,--.--,--.----,--.----
2026-10-04,22:56:31,HZ-NODE-14.local,NODE_14,0,0.0,--.--,--.--,--.----,--.----
2026-10-04,22:56:31,HZ-NODE-15.local,NODE_15,1797,49.9,28.62,29.00,28.7645,0.0820
2026-10-04,23:56:32,HZ-SERVER.local,NODE_00,3597,99.9,28.06,28.44,28.2507,0.0706
2026-10-04,23:56:32,HZ-NODE-01.local,NODE_01,0,0.0,--.--,--.--,--.----,--.----
2026-10-04,23:56:32,HZ-NODE-02.local,NODE_02,0,0.0,--.--,--.--,--.----,--.----
2026-10-04,23:56:32,HZ-NODE-03.local,NODE_03,0,0.0,--.--,--.--,--.----,--.----
2026-10-04,23:56:32,HZ-NODE-04.local,NODE_04,0,0.0,--.--,--.--,--.----,--.----
2026-10-04,23:56:32,HZ-NODE-05.local,NODE_05,1798,49.9,28.38,28.69,28.4897,0.0677
2026-10-04,23:56:32,HZ-NODE-06.local,NODE_06,0,0.0,--.--,--.--,--.----,--.----
2026-10-04,23:56:32,HZ-NODE-07.local,NODE_07,0,0.0,--.--,--.--,--.----,--.----
2026-10-04,23:56:32,HZ-NODE-08.local,NODE_08,0,0.0,--.--,--.--,--.----,--.----
2026-10-04,23:56:32,HZ-NODE-09.local,NODE_09,0,0.0,--.--,--.--,--.----,--.----
2026-10-04,23:56:32,HZ-NODE-10.local,NODE_10,1799,50.0,28.31,28.62,28.4806,0.0604
2026-10-04,23:56:32,HZ-NODE-11.local,NODE_11,0,0.0,--.--,--.--,--.----,--.----
2026-10-04,23:56:32,HZ-NODE-12.local,NODE_12,0,0.0,--.--,--.--,--.----,--.----
2026-10-04,23:56:32,HZ-NODE-13.local,NODE_13,0,0.0,--.--,--.--,--.----,--.----
2026-10-04,23:56:32,HZ-NODE-14.local,NODE_14,0,0.0,--.--,--.--,--.----,--.----
2026-10-04,23:56:32,HZ-NODE-15.local,NODE_15,1794,49.8,28.44,28.75,28.5894,0.0683
2026-10-05,00:56:32,HZ-SERVER.local,NODE_00,3597,99.9,27.81,28.19,28.0018,0.0884
2026-10-05,00:56:32,HZ-NODE-01.local,NODE_01,0,0.0,--.--,--.--,--.----,--.----
2026-10-05,00:56:32,HZ-NODE-02.local,NODE_02,0,0.0,--.--,--.--,--.----,--.----
2026-10-05,00:56:32,HZ-NODE-03.local,NODE_03,0,0.0,--.--,--.--,--.----,--.----
2026-10-05,00:56:32,HZ-NODE-04.local,NODE_04,0,0.0,--.--,--.--,--.----,--.----
2026-10-05,00:56:32,HZ-NODE-05.local,NODE_05,1799,50.0,28.06,28.44,28.2425,0.0902
2026-10-05,00:56:32,HZ-NODE-06.local,NODE_06,0,0.0,--.--,--.--,--.----,--.----
2026-10-05,00:56:32,HZ-NODE-07.local,NODE_07,0,0.0,--.--,--.--,--.----,--.----
2026-10-05,00:56:32,HZ-NODE-08.local,NODE_08,0,0.0,--.--,--.--,--.----,--.----
2026-10-05,00:56:32,HZ-NODE-09.local,NODE_09,0,0.0,--.--,--.--,--.----,--.----
2026-10-05,00:56:32,HZ-NODE-10.local,NODE_10,1798,49.9,28.06,28.44,28.2473,0.0841
2026-10-05,00:56:32,HZ-NODE-11.local,NODE_11,0,0.0,--.--,--.--,--.----,--.----
2026-10-05,00:56:32,HZ-NODE-12.local,NODE_12,0,0.0,--.--,--.--,--.----,--.----
2026-10-05,00:56:32,HZ-NODE-13.local,NODE_13,0,0.0,--.--,--.--,--.----,--.----
2026-10-05,00:56:32,HZ-NODE-14.local,NODE_14,0,0.0,--.--,--.--,--.----,--.----
2026-10-05,00:56:32,HZ-NODE-15.local,NODE_15,1798,49.9,28.12,28.50,28.3462,0.0891
2026-10-05,01:56:33,HZ-SERVER.local,NODE_00,3597,99.9,27.56,27.88,27.7344,0.0901
2026-10-05,01:56:33,HZ-NODE-01.local,NODE_01,0,0.0,--.--,--.--,--.----,--.----
2026-10-05,01:56:33,HZ-NODE-02.local,NODE_02,0,0.0,--.--,--.--,--.----,--.----
2026-10-05,01:56:33,HZ-NODE-03.local,NODE_03,0,0.0,--.--,--.--,--.----,--.----
2026-10-05,01:56:33,HZ-NODE-04.local,NODE_04,0,0.0,--.--,--.--,--.----,--.----
2026-10-05,01:56:33,HZ-NODE-05.local,NODE_05,1798,49.9,27.75,28.12,27.9681,0.0880
2026-10-05,01:56:33,HZ-NODE-06.local,NODE_06,0,0.0,--.--,--.--,--.----,--.----
2026-10-05,01:56:33,HZ-NODE-07.local,NODE_07,0,0.0,--.--,--.--,--.----,--.----
2026-10-05,01:56:33,HZ-NODE-08.local,NODE_08,0,0.0,--.--,--.--,--.----,--.----
2026-10-05,01:56:33,HZ-NODE-09.local,NODE_09,0,0.0,--.--,--.--,--.----,--.----
2026-10-05,01:56:33,HZ-NODE-10.local,NODE_10,1799,50.0,27.75,28.12,27.9636,0.0918
2026-10-05,01:56:33,HZ-NODE-11.local,NODE_11,0,0.0,--.--,--.--,--.----,--.----
2026-10-05,01:56:33,HZ-NODE-12.local,NODE_12,0,0.0,--.--,--.--,--.----,--.----
2026-10-05,01:56:33,HZ-NODE-13.local,NODE_13,0,0.0,--.--,--.--,--.----,--.----
2026-10-05,01:56:33,HZ-NODE-14.local,NODE_14,0,0.0,--.--,--.--,--.----,--.----
2026-10-05,01:56:33,HZ-NODE-15.local,NODE_15,1796,49.9,27.88,28.25,28.0606,0.0886
2026-10-05,02:56:34,HZ-SERVER.local,NODE_00,3597,99.9,27.25,27.62,27.4361,0.0814
2026-10-05,02:56:34,HZ-NODE-01.local,NODE_01,0,0.0,--.--,--.--,--.----,--.----
2026-10-05,02:56:34,HZ-NODE-02.local,NODE_02,0,0.0,--.--,--.--,--.----,--.----
2026-10-05,02:56:34,HZ-NODE-03.local,NODE_03,0,0.0,--.--,--.--,--.----,--.----
2026-10-05,02:56:34,HZ-NODE-04.local,NODE_04,0,0.0,--.--,--.--,--.----,--.----
2026-10-05,02:56:34,HZ-NODE-05.local,NODE_05,1799,50.0,27.50,27.88,27.6766,0.0838
2026-10-05,02:56:34,HZ-NODE-06.local,NODE_06,0,0.0,--.--,--.--,--.----,--.----
2026-10-05,02:56:34,HZ-NODE-07.local,NODE_07,0,0.0,--.--,--.--,--.----,--.----
2026-10-05,02:56:34,HZ-NODE-08.local,NODE_08,0,0.0,--.--,--.--,--.----,--.----
2026-10-05,02:56:34,HZ-NODE-09.local,NODE_09,0,0.0,--.--,--.--,--.----,--.----
2026-10-05,02:56:34,HZ-NODE-10.local,NODE_10,1798,49.9,27.44,27.81,27.6522,0.0887
2026-10-05,02:56:34,HZ-NODE-11.local,NODE_11,0,0.0,--.--,--.--,--.----,--.----
2026-10-05,02:56:34,HZ-NODE-12.local,NODE_12,0,0.0,--.--,--.--,--.----,--.----
2026-10-05,02:56:34,HZ-NODE-13.local,NODE_13,0,0.0,--.--,--.--,--.----,--.----
2026-10-05,02:56:34,HZ-NODE-14.local,NODE_14,0,0.0,--.--,--.--,--.----,--.----
2026-10-05,02:56:34,HZ-NODE-15.local,NODE_15,1797,49.9,27.56,27.94,27.7531,0.0900
2026-10-05,03:56:34,HZ-SERVER.local,NODE_00,3597,99.9,27.00,27.38,27.1515,0.0984
2026-10-05,03:56:34,HZ-NODE-01.local,NODE_01,0,0.0,--.--,--.--,--.----,--.----
2026-10-05,03:56:34,HZ-NODE-02.local,NODE_02,0,0.0,--.--,--.--,--.----,--.----
2026-10-05,03:56:34,HZ-NODE-03.local,NODE_03,0,0.0,--.--,--.--,--.----,--.----
2026-10-05,03:56:34,HZ-NODE-04.local,NODE_04,0,0.0,--.--,--.--,--.----,--.----
2026-10-05,03:56:34,HZ-NODE-05.local,NODE_05,1798,49.9,27.19,27.56,27.3829,0.0942
2026-10-05,03:56:34,HZ-NODE-06.local,NODE_06,0,0.0,--.--,--.--,--.----,--.----
2026-10-05,03:56:34,HZ-NODE-07.local,NODE_07,0,0.0,--.--,--.--,--.----,--.----
2026-10-05,03:56:34,HZ-NODE-08.local,NODE_08,0,0.0,--.--,--.--,--.----,--.----
2026-10-05,03:56:34,HZ-NODE-09.local,NODE_09,0,0.0,--.--,--.--,--.----,--.----
2026-10-05,03:56:34,HZ-NODE-10.local,NODE_10,1799,50.0,27.12,27.56,27.3428,0.1011
2026-10-05,03:56:34,HZ-NODE-11.local,NODE_11,0,0.0,--.--,--.--,--.----,--.----
2026-10-05,03:56:34,HZ-NODE-12.local,NODE_12,0,0.0,--.--,--.--,--.----,--.----
2026-10-05,03:56:34,HZ-NODE-13.local,NODE_13,0,0.0,--.--,--.--,--.----,--.----
2026-10-05,03:56:34,HZ-NODE-14.local,NODE_14,0,0.0,--.--,--.--,--.----,--.----
2026-10-05,03:56:34,HZ-NODE-15.local,NODE_15,1794,49.8,27.25,27.62,27.4484,0.1009
2026-10-05,04:56:35,HZ-SERVER.local,NODE_00,3597,99.9,26.69,27.06,26.8925,0.1049
2026-10-05,04:56:35,HZ-NODE-01.local,NODE_01,0,0.0,--.--,--.--,--.----,--.----
2026-10-05,04:56:35,HZ-NODE-02.local,NODE_02,0,0.0,--.--,--.--,--.----,--.----
2026-10-05,04:56:35,HZ-NODE-03.local,NODE_03,0,0.0,--.--,--.--,--.----,--.----
2026-10-05,04:56:35,HZ-NODE-04.local,NODE_04,0,0.0,--.--,--.--,--.----,--.----
2026-10-05,04:56:35,HZ-NODE-05.local,NODE_05,1799,50.0,26.88,27.31,27.1080,0.0980
2026-10-05,04:56:35,HZ-NODE-06.local,NODE_06,0,0.0,--.--,--.--,--.----,--.----
2026-10-05,04:56:35,HZ-NODE-07.local,NODE_07,0,0.0,--.--,--.--,--.----,--.----
2026-10-05,04:56:35,HZ-NODE-08.local,NODE_08,0,0.0,--.--,--.--,--.----,--.----
2026-10-05,04:56:35,HZ-NODE-09.local,NODE_09,0,0.0,--.--,--.--,--.----,--.----
2026-10-05,04:56:35,HZ-NODE-10.local,NODE_10,1798,49.9,26.81,27.25,27.0243,0.0919
2026-10-05,04:56:35,HZ-NODE-11.local,NODE_11,0,0.0,--.--,--.--,--.----,--.----
2026-10-05,04:56:35,HZ-NODE-12.local,NODE_12,0,0.0,--.--,--.--,--.----,--.----
2026-10-05,04:56:35,HZ-NODE-13.local,NODE_13,0,0.0,--.--,--.--,--.----,--.----
2026-10-05,04:56:35,HZ-NODE-14.local,NODE_14,0,0.0,--.--,--.--,--.----,--.----
2026-10-05,04:56:35,HZ-NODE-15.local,NODE_15,1793,49.8,26.94,27.31,27.1321,0.0928
2026-10-05,05:56:35,HZ-SERVER.local,NODE_00,3597,99.9,26.38,26.75,26.5830,0.0931
2026-10-05,05:56:35,HZ-NODE-01.local,NODE_01,0,0.0,--.--,--.--,--.----,--.----
2026-10-05,05:56:35,HZ-NODE-02.local,NODE_02,0,0.0,--.--,--.--,--.----,--.----
2026-10-05,05:56:35,HZ-NODE-03.local,NODE_03,0,0.0,--.--,--.--,--.----,--.----
2026-10-05,05:56:35,HZ-NODE-04.local,NODE_04,0,0.0,--.--,--.--,--.----,--.----
2026-10-05,05:56:35,HZ-NODE-05.local,NODE_05,1798,49.9,26.62,27.00,26.8059,0.0875
2026-10-05,05:56:35,HZ-NODE-06.local,NODE_06,0,0.0,--.--,--.--,--.----,--.----
2026-10-05,05:56:35,HZ-NODE-07.local,NODE_07,0,0.0,--.--,--.--,--.----,--.----
2026-10-05,05:56:35,HZ-NODE-08.local,NODE_08,0,0.0,--.--,--.--,--.----,--.----
2026-10-05,05:56:35,HZ-NODE-09.local,NODE_09,0,0.0,--.--,--.--,--.----,--.----
2026-10-05,05:56:35,HZ-NODE-10.local,NODE_10,1799,50.0,26.50,26.88,26.7108,0.0900
2026-10-05,05:56:35,HZ-NODE-11.local,NODE_11,0,0.0,--.--,--.--,--.----,--.----
2026-10-05,05:56:35,HZ-NODE-12.local,NODE_12,0,0.0,--.--,--.--,--.----,--.----
2026-10-05,05:56:35,HZ-NODE-13.local,NODE_13,0,0.0,--.--,--.--,--.----,--.----
2026-10-05,05:56:35,HZ-NODE-14.local,NODE_14,0,0.0,--.--,--.--,--.----,--.----
2026-10-05,05:56:35,HZ-NODE-15.local,NODE_15,1796,49.9,26.62,27.00,26.8048,0.0953
2026-10-05,06:56:36,HZ-SERVER.local,NODE_00,3597,99.9,26.06,26.44,26.2474,0.0919
2026-10-05,06:56:36,HZ-NODE-01.local,NODE_01,0,0.0,--.--,--.--,--.----,--.----
2026-10-05,06:56:36,HZ-NODE-02.local,NODE_02,0,0.0,--.--,--.--,--.----,--.----
2026-10-05,06:56:36,HZ-NODE-03.local,NODE_03,0,0.0,--.--,--.--,--.----,--.----
2026-10-05,06:56:36,HZ-NODE-04.local,NODE_04,0,0.0,--.--,--.--,--.----,--.----
2026-10-05,06:56:36,HZ-NODE-05.local,NODE_05,1806,50.1,26.31,26.69,26.5108,0.0970
2026-10-05,06:56:36,HZ-NODE-06.local,NODE_06,0,0.0,--.--,--.--,--.----,--.----
2026-10-05,06:56:36,HZ-NODE-07.local,NODE_07,0,0.0,--.--,--.--,--.----,--.----
2026-10-05,06:56:36,HZ-NODE-08.local,NODE_08,0,0.0,--.--,--.--,--.----,--.----
2026-10-05,06:56:36,HZ-NODE-09.local,NODE_09,0,0.0,--.--,--.--,--.----,--.----
2026-10-05,06:56:36,HZ-NODE-10.local,NODE_10,1811,50.3,26.25,26.62,26.4172,0.0964
2026-10-05,06:56:36,HZ-NODE-11.local,NODE_11,0,0.0,--.--,--.--,--.----,--.----
2026-10-05,06:56:36,HZ-NODE-12.local,NODE_12,0,0.0,--.--,--.--,--.----,--.----
2026-10-05,06:56:36,HZ-NODE-13.local,NODE_13,0,0.0,--.--,--.--,--.----,--.----
2026-10-05,06:56:36,HZ-NODE-14.local,NODE_14,0,0.0,--.--,--.--,--.----,--.----
2026-10-05,06:56:36,HZ-NODE-15.local,NODE_15,1815,50.4,26.31,26.69,26.4974,0.0930
2026-10-05,07:56:37,HZ-SERVER.local,NODE_00,3558,98.8,25.94,27.69,26.9318,0.5251
2026-10-05,07:56:37,HZ-NODE-01.local,NODE_01,0,0.0,--.--,--.--,--.----,--.----
2026-10-05,07:56:37,HZ-NODE-02.local,NODE_02,0,0.0,--.--,--.--,--.----,--.----
2026-10-05,07:56:37,HZ-NODE-03.local,NODE_03,0,0.0,--.--,--.--,--.----,--.----
2026-10-05,07:56:37,HZ-NODE-04.local,NODE_04,0,0.0,--.--,--.--,--.----,--.----
2026-10-05,07:56:37,HZ-NODE-05.local,NODE_05,1773,49.2,26.25,27.88,27.1318,0.4919
2026-10-05,07:56:37,HZ-NODE-06.local,NODE_06,0,0.0,--.--,--.--,--.----,--.----
2026-10-05,07:56:37,HZ-NODE-07.local,NODE_07,0,0.0,--.--,--.--,--.----,--.----
2026-10-05,07:56:37,HZ-NODE-08.local,NODE_08,0,0.0,--.--,--.--,--.----,--.----
2026-10-05,07:56:37,HZ-NODE-09.local,NODE_09,0,0.0,--.--,--.--,--.----,--.----
2026-10-05,07:56:37,HZ-NODE-10.local,NODE_10,1773,49.2,26.19,27.81,26.9963,0.4906
2026-10-05,07:56:37,HZ-NODE-11.local,NODE_11,0,0.0,--.--,--.--,--.----,--.----
2026-10-05,07:56:37,HZ-NODE-12.local,NODE_12,0,0.0,--.--,--.--,--.----,--.----
2026-10-05,07:56:37,HZ-NODE-13.local,NODE_13,0,0.0,--.--,--.--,--.----,--.----
2026-10-05,07:56:37,HZ-NODE-14.local,NODE_14,0,0.0,--.--,--.--,--.----,--.----
2026-10-05,07:56:37,HZ-NODE-15.local,NODE_15,1773,49.2,26.31,27.88,27.1032,0.4959
2026-10-05,08:56:37,HZ-SERVER.local,NODE_00,3554,98.7,26.38,26.62,26.4804,0.0463
2026-10-05,08:56:37,HZ-NODE-01.local,NODE_01,0,0.0,--.--,--.--,--.----,--.----
2026-10-05,08:56:37,HZ-NODE-02.local,NODE_02,0,0.0,--.--,--.--,--.----,--.----
2026-10-05,08:56:37,HZ-NODE-03.local,NODE_03,0,0.0,--.--,--.--,--.----,--.----
2026-10-05,08:56:37,HZ-NODE-04.local,NODE_04,0,0.0,--.--,--.--,--.----,--.----
2026-10-05,08:56:37,HZ-NODE-05.local,NODE_05,1769,49.1,26.50,26.81,26.6461,0.0503
2026-10-05,08:56:37,HZ-NODE-06.local,NODE_06,0,0.0,--.--,--.--,--.----,--.----
2026-10-05,08:56:37,HZ-NODE-07.local,NODE_07,0,0.0,--.--,--.--,--.----,--.----
2026-10-05,08:56:37,HZ-NODE-08.local,NODE_08,0,0.0,--.--,--.--,--.----,--.----
2026-10-05,08:56:37,HZ-NODE-09.local,NODE_09,0,0.0,--.--,--.--,--.----,--.----
2026-10-05,08:56:37,HZ-NODE-10.local,NODE_10,1771,49.2,26.38,26.69,26.5130,0.0514
2026-10-05,08:56:37,HZ-NODE-11.local,NODE_11,0,0.0,--.--,--.--,--.----,--.----
2026-10-05,08:56:37,HZ-NODE-12.local,NODE_12,0,0.0,--.--,--.--,--.----,--.----
2026-10-05,08:56:37,HZ-NODE-13.local,NODE_13,0,0.0,--.--,--.--,--.----,--.----
2026-10-05,08:56:37,HZ-NODE-14.local,NODE_14,0,0.0,--.--,--.--,--.----,--.----
2026-10-05,08:56:37,HZ-NODE-15.local,NODE_15,1769,49.1,26.56,26.81,26.6701,0.0538
